0,1,2,3,4,5,6,7,8,9
mint!<br,4-pound,10-star,explorers,treats.(lol,it!i,dispelled,cookiie,supermarkets,parisian
exhausting!very,calamares,monikor,rollator,brightening,clowns,kirkland,unsatiated,inexpensively,floatie
365,50s).the,slim.<br,loads,partied,bernate,impresionante,quattro,34;transporting&#34,madonna
atención,alabama,paint&#34,noelle,deeaaaal,umm,a&#34;twister&#34,grillades,most!trouble,jsut
amazinggggggggggggggggggg,them.all,pondering,pizza's,toughest,calumet,lederhosen,/>much,built!good,doggies
"cover""s",all?&quot,hirts,coffeeee,happy!<br,bulgolgi,sixers,essentials,quot;recommended&quot,robertsons
vitalabs,dealer,millenium,back.next,newdermamed,compacted,34;engines&#34;.,only.<br,glittery,exhilarating
orangish,tutes,deepen,revolutionize,"40,000",34;edward&#34,invaluable,/>plethora,vhs,negates
poosja,spence,provolone,birdladypoole,safest,900,unfit,daphne,unexcelled,krob
mayhem,recomendable,odyssey.+up,hangovers,statins,gloriously,texmex,fatties,mathy,nfr
hydrate,champion,voila,printout,lactosintolerantlife,smoothest,cappuccinos,raffles,yellowfin,hardy
incontournable,hank,perhaps?)the,savoured,unbreakable,34;squishy&#34,trashpack,giardini,school.&quot;battleship&quot,34;help.&#34
pedometer,vitamuffins,stuff!.,floyd,spontaneous,proudly,aeromatic,injury,2-lb,bartender-
quot;teacher&quot;.,her).having,4.5/5,loooove,mistreated,cheaper.<br,micpreamp,reuseable,salsbury,rubies
centennial,wargamers,ampliamente.<br,morraco,patisserie,coolest,aftetnoon,retriever,masks,breyer
leprechaun,xuan,mauna,assembled,^-^,cappuccino,zuvorkommend,grabby,reaaaly,/>-------------------<br
lol-,fum,trumpets&#34,cajole,yummies,exclaimed,ashes,reassured,superkid,wag
blankie,highs,nutrional,q&d,leeeoooonnn,markedly,chuckles.<br,propped,kinesthetic,tinted
4.25/5,omega3,34;toy&#34;.,cioppino,bacuum.&#34,bargained,triffle,nanaimo,it!!!martha,unparallelled
quot;is,insinuates,enviroment,outsmart,yaay,fredericks,cautioned,celebrates,pediatra,trusty
settleing,yonkers,always.never,rashes,eitzehs.<br,superbly,firepits,yota,prokofiev,caleb
multifunctional,feisty,hijos,luxuriously,whipsmart,actor,spanish!~,uprights,34;rody&#34;.,adirondack
packaging--,souvlakis,hidey,kickin,od,breezy,cloud,squeaky.<br,potions,projectscan
paperbacks,consistantly,melinda,fage,highlight,canal,letzte,/>yummo,eases,lashon
simoneharvey1athotmail.com,mistakenly,jugs,subside,too)!very,expected!i,wounderfull,quot;nest&quot,however.<br,peppermint)i
bluefin,sidebar,christmasy,jessi,sweet(men,cruisin,better.and...but,nanas,34;battlestar,:))
quot;peter&quot;.my,popover,optimistic,bichon,orderly,5stars,managment,recomiendo,great.we,stail
-beautiful,leisurely,deftly,mediterranian,farms).<br,caller,hhhhhooooooooooonnnnnnkkkk,solvers,retractable,confidently
amazing!the,enjoyedjthe,heighten,marinade,crybaby,64f,scooby,zotz,3-pound,picado
1pmish,northstar,ropes,reunion,resilient,2018.08.03,before)the,paints-,lighten,tinge
6/5,whoa,50-mile,vapes,compairing,forewarned,freshman,gino,agood,barefoot
sportsbook,boast,exterminating,delious,canes,yeeeeeeeaaaaaahhhhhh(jeezy,restuarants,outkast,food!.,haha.<br
carmalized,drops-,withbottleshampoobabyfoodforkpillowmobilebabylotionhangerslots,hobby,awesome!!!my,vines,mischievous,quickbreads,find-,laidback
scallopped,carefree,cultured,storability,crowfoot,stingy,blankies,7-pound,imbattable,rivaled
organised,awnings,/>sensible,nough,outstanding(bluberry,paprikash-,athletic,petrossian,pencils-,cording
basha,kronos,34;biiiiiiiiig&#34,loveeee,neonatal,toy!when,complexion,jeffery,vacuumed,0100pm
unstressed,refresh!<br,regain,stashing,jesus,coffee!!<br,hempseed,/>addicting.<br,benedicts,34;consumed.&#34
1055,korner,15.99,hhoooooooonnnnkkkk,fueled,.but,value.&#10004,beach!yummmyyyyyy,tangine,65lbs
treat-,34;parking&#34,underwelmed,excelent,irish,plethora,hill(sic).this,..........,yesterady,singers
courtious,collectable,italiennes,food(taco,dunlop,concentrate.<br,bratwurst,stockings,100-piece,9-over
m&d.,wonderful.<br,34;uno&#34,marlin,/>unfortunatley,recommed,25.75-ounce,something&#8221,limey,schnauzers
ingredients--,becasue,-fun,además,trimmed,indies,wowed,terzetto,sarra,gems!!<br
documentary,realization,scurries,promises.<br,butttt,creamery,yesterdy,tragedies,preeeeetty,10-ounce
munchie,excites,cheeper,flavors:<br,popovers,begrudgingly,hight,livermore,big5,tilled
spanokopita,campers,amazing.if,all.=)<br,usefull,worsens,interrupted,addiition,minded,quot;trouble&quot
unusal,34;old,j.p,2028,flung,ncaa,gorgeous!!!!<br,quot;wow&quot,misunderstand,can.i
destructable,fastest,flawless,voltages.<br,mitigates,sevice,bratwurst?!),castell,catties,enjoyer
pugs,denser,34;chippey&#34;.,blended,puzzlers,drum!what,happiest,"b000gwlugu"">plocky",manakesh,20/350
tokens-,speak&#34,gr8,bookmaking,tidier,shizznit,buttah,sours,brightens,inexpensive).have
versatile-,katerina,temperatures,pipping,amends,lucious,coffeecake,omega-3s,conveniet,educationalsuppppppper
dachshunds,jw,34;plays&#34,5-pack,awesome-,yummiest,monterey,gelid,favorite).players,hahaa
preeettttyyyy,chocula)likes,spotless,shake'n'bake,greatful,"b001g96uk8"">greenies",uniqueness,strolling,flimsy*now,obliging
sanitary,christmas-,foiled,tapioca,noiseand,addictive!<br,refreshed,sûr,shop!great,eay
advertised.<br,locomotives,painters,outgrowing,toddy,steven,comraderie,giuliani,friendliness,copieux
implore,quipped,70+miles,more.my,o'fun,4/5,marathon,months)likes,incredable,graet
fresh!<br,themes,tiramisù,............,julia,sauces.<br,organizations,comming,formaggio,exceptionaly
depleted,geniuses,12-piece,crushed-,altho,rectifie,brainteaser,versitile,finially,shizzazz
cushy3,1.4:1,database,34;earning&#34,testament,ant,34;coloring&#34,things!here,game!~,denied
horizontally,fly.with,supple,2-bedroom,1.59,pick-2,time!love,backgammon,stencils,qulity
speediness,32-ounce,invention,price-$7,gogh,viinegret,iranian,indebted,seabass,special?glad
vendorhappy,expenisve,marcel,samba,sushi/,piratey,judy,/>storage,firecrackers,fantastics
papery,bodied.<br,yorkville,pelleco,benefittdd,snacky,barbelo,goner,b.c.,dinner.everything
bevys,wishlist,shannxi,true.<br,nailed,nuttzo,atmopsphere,muscle-,a++++++++++++++++++++++++++++,http://www.amazon.com/gp/product/b00000iw2s/ref=cm_cr_rev_prod_title
yuuuummmmmmyyyy!!<br,fabulously,scrooges,reliant,kindergardener,answers&#34,maddie,dilly,ahhhhhhh,aboard
winch*)the,cheaper!)thanks,laerning,unreal,unfortunaty,enforces,footstool,healthy!)i,355,restaurants/
shelfs,repas,marviin,surprises,much!<br,error.<br,proficient,http://www.dovenetq.net.au/~mahayes/graphics/yeslogofullcircle1.jpg,you.the,shorthair
38.00,these!these,andtalks,screamingly,carbonating,greek,wayyyyy,grass&#34,citymade,supervised
physically,fluxxbecause,"monster?""""i",os,choicest,game!&#34;in,companionable,them!they're,"lingonberry,,i",transportable
boddingtons,hustlers,keepsake,inseparable,medglia,downsizing,down&#34,dishearting,ths,paperwork
unreadable,quintessential,anywhere).<br,almost-6-year,rebate,pomodori,prawn,yr.old,quot;yea!!!!&quot,demo'd
englander,trampolines,littles,tolerablel,dame,loveeeeeeee,civilized,avery,deliciosos,difficult-
dense(plus,a+++++++++++,covet,vinaigrettes,http://dealnews.com/south-point-hotel-casino-and-spa-in-las-vegas-1-night-stay-for-free/559492.html,quot;leader&quot,http://www.amazon.com/gp/product/b000s6a0g0/ref=oh_details_o01_s00_i02,unoaked,play.allows,bx6</a>.
1972the,tapes,4-piece,departures,amaxing,kefir,prefect,lemons,promptness,enoch
awesomeness,f250,did!well,;-d,apperciate,solidifying,maui.<br,doughnut,pleins,puerto
déjeuner,entretenu,schnapps,eased,kutz,basketfor,kul,wines.)<br,3-piece,toy!!!revised
"b000hjbkmq"">senoret",them:<br,15.95,andromeda,prepossessing,have.they,rescued,bestest,thanh,peppercorn
ashbys,satirical,blackbird,crayolato,pomodoro,kidssimply,snuggly,good.we,adventures,piecesgood
organizational,loooooovveeee,gelatos,reprinted,finicky,pub-,quickness,restful,7/11/07,mellowness
versitle,wayne,tzo,expertly,octane,set.we,gem,weightwatcher,connoisseurs,/>caution
toki,nice-,elastic,fiancés,jameson,experiencemy,toguether,dazzled,relized,point!!!!wish
togetherness,toscana,addl,believers,34;traditional&#34,perfected,nooooooo,stopper,interseted,flawlessly
plating,bruising.lol,pescetarian,password,praises,acustom,recommend.<br,buche,like).the,"yummy,<br"
it!!!!!!,"1,025",monounsaturated,brisker,nutricious,easy.i,1-ounce,dharana,convential,progessing
reflux,better).great,buena,affordability,right!!<br,coveted,vienna,breads,avgolemono,equine
jiffy,date!super,start).as,apologized,suizas,outwit,attentative,creativity!needs,different.<br,chowder.not
delicioso,inescapable,babysit,elixers,chrysallis,inconvenience,7.50,argentine,inbox,cajeta
falafals,insured,tincture,precisely,festive,experience!<br,roses,meatier,lilac,muchca
peary,awesome!.,40.69,-outta,around.i,mechine,ipad&#34,divertido,mousses,beteer
urges,fettuccini,purchase!~expensive,strengthened,sergeant,/>-malcom,amateur,2-element,it.this,beautiful.<br
them!!!!<a,intolerance.<br,tripntobthe,looooooves,s107.batt,smorgasbord,brand.<br,gormet,grime,unfortunatly
contruction,easiness,sightseeing,purchses,absorbed,gladiator,piqued,splurge,presoak,soleil
loveliest,sangaria,-pt,cependant,nooooo,pros:-classic,riveting,molars.<br,coffiee,bonnie
lumpfish,qx,amaaaaazing,revelation--,20-some,tirelessly,loveable,pyrenees,shoot,sonny
stews,brit,was't,j.e.p.,dissapointing,blobs,passages,disappointed!live,epoxy,habby
convienient,scurvy,barbier,amazon.com/gp/help/seller/at-a-glance.html?ie=utf8&isamazonfulfilled=0&orderid=103-7071944-5595443&marketplaceseller=1&seller=a3jw437i54sei1,bastille,alittle,glycerite,greatness,espically,kohls
redemption,7.5-ounce,menagerie,better.and,fortunate,recharges,moleskines,hollaaaaaaaaaa,service!!<br,colt
carbohydrate.<br,bruchetta,bonheur,deals-,onsite,blooming,years).if,http://www.tijuanaflats.com/,baddest,sociable
acri,hearty,full:<br,appts,30-pound,affogato,alissa,primal,puddin,imade
pharmacist,20/600,delisious,fine!i,badass,/>o.n.e.,6/12/15,tutored,wobbly,landscaped
year.wish,crackly,bulgarian,xanh,teavana,emergencies,gabi,"6,7,8,9",toy!highlights:-,columbus
homies,shipping!<br,gosh--$400,mind--,14-month,great.i,satisfied.i,rollovers,10:00am-4:00pm,bubbly
realy,perishable,overall.<br,kilts,/>yummy,professors,yummys,fluently,putit,appetit
noob,autozone,hogan,alexia,idée,penne,transformation,gastroenterologo,cmu,poppyseed
d.c.,admiring,/>gone,collection'service,glassware,appealingly,calmer,diecut,there!yes,.com
wheatfree,old.she,tougher,8220;two,nice!<br,devine,crane,kneads,sheehy,subsitute
aloo,peaced,shape!was,brainteasers,forgiving,inspirational,simons,brined,sweetest,wahoo
thaitown,inplace,tranditional,rubberwood,/>c'est,ambulance,libraries,reoccurring,xian,wondeful
progressed,alters,cookies!<br,attentive!we,34;prizes&#34,yaned,secluded,smoothie,supercool,miracle-
kids(3,dolmades,pints,firetruck,pigmented,"materials,,thank",putty,yummmy,footmassage,popchips!i
pastabar,whimsy,zuzus,looooove,unstack,parlor,zena,fun!.,negotiating,34;kitchen&#34;.
straddles,pause,fesenjan,"coffee,<br",heckuva,kicker:<br,us.1,welcome.<br,880,34;screws&#34
24hours,valiant,lifter,cheap!&#34,lbs.).the,repurchase,gimicks,hunks,moods,couldn'ttolerate
miro,shapt,favorably,http://www.amazon.com/ck-products-rainbow-candy-coated/dp/b00375lao0/ref=sr_1_1?ie=utf8&s=home-garden&qid=1300131716&sr=1-1,yourger,confusion,freshing,eggcellent,presenting,chickens
excellant,34;vacuums&#34,here.because,turnout,yammered,paster,spunky,shroom,fluffed,marvelously
night&#8212;when,peppers,dioramaprothe,hideout,34;cook&#34;.,extremelystrenuousandrewarding,thethe,equalize,respite,10).the
p.,winnie,heli.very,springtime,outbreak,joys,table.great,preserved,disease,vastly
bullet,overloading,8^,quadcopter,2)unique,satisfactory-----excellant,francaise,"raw""(tm",displeasing,outstripped
hideous,www.malachihouse.org,chrysalids,bargain?<br,aerial,dope,theround,/>5/6/12,heartily,stu
alarming,coo,mmm,eddies,...........,impending,chieftain,altenative,benefiting,hotpad
antioxidents,bananagrams!while,-fresh,color)a,fat?<br,easily.would,relativly,gynecologist,favorie,fantastic!you
sooooooooo,jenni,newyork,camus,interractive,copters!these,pedestrians,crafte,here!!the,tjmaxx
chintzy,11-year,fulfills,bonus-,disturb,gild,themeplays,skyfall,diverse,commonplace
sublime,item!we,caring,deliscious,pianist,"55""",jaclyn,affortable,spectrophotometer,carpeting
décontracté,grandkiddos,timeframe,http://www.amazon.com/gp/product/b004k30ho2/ref=cm_cr_rev_prod_title<br,polyphosphates,transportability,/>*visit,reciepes,buy--,been!slinky
changes!first,"est"".<br",sojos.<br,forcarcassonne,129.99,flavourful,linc,b000e4alf6,satisifies,modernized
2)love,critisize,grasping,adrenalineradio.com.fantasy,baglets,lurking,chord,redone,campfires,is!in
fantstic,canisters,bannanagrams,scaredy,blessed,resonable,greatcustomer,complaint:-the,lobsta,poppin
jump-0-lene,zippered,birtday,restaurant!!.,bandarita,concerened,priceless,marvelled,natropath,outdoorsman
feeling-,alhambra,watermellon,instructor,istant,/>intriguingly,wicked,invigorating,@fukuburgerlv,34;store&#34;.
mariner,pickiest,swimming,kusama,immortal,92.5%basics-,pounding,c'est,oxford,coasting
tribulations,hurray,juiciest,http://www.leblogsansnom.com/blog/2016/2/21/caffeine-fix-cafellini,lifesaver,52-card,3/5/11,lavor,compresses,preparedness
broderick,jasperson,flashcard,toy!!brad,cleen,tame,everyday![b]game[/b]-eldritch,stuff!love,1230am,tugging
good.will,feta,pickings,infusions,christmas!thank,sabich,bakelite,whisks,universally,looping
sjhipping,biscoff,hanks,nanay,up.you,porky,nice!!the,blondies,affair,harmed
sstttrrreeetttccchhh,picante,overblown,sayin,refresher,randomizer,have!my,nautical,34;computerized&#34;.,adaptable
hahah,100&#34;.,wtf?<br,perked,flavia,rediscovered,-friendly,"""uh",stashed,pbj
mj's.,chouette,years!(first,calms,fickle,it???cute,regrettable,34;dave&#34,sneeze,enmity
envy,congrats!!stores,wonderfuk,reagents,gingrich,greyboard,excellent!!!.,"b004botgtm"">optimum",jahres&#34,8.5-ounce
groomed,diggity,residents,/>robust,o)also,wishbone,monarchs,tes,skyrocketed,kilt
horsemen,vivian,laffas,chutneys,unpredictable,delicious!<a,astounded,slip,on!!!!<br,softens
favourites,steadiest,kids!~entertaining,it.would,jalapeno.<br,conchas,perky,navy,breeze-,clubhouse
undiluted,hurdle,scottish,hauls,set:-,tofutti,tasty!<br,scratch.wonderful,emploees,seller!~
'but,mabel's.,http://www.yogurt-land.com/,versital,sprialing,hugs,fineliners,lump,nuro,mystique
coordinating,itl,variety).we,gaul,franchised,kids--,planted,‼,micriwave,nearby.<br
ityou,dottie,nicce,alrger,amusing,keltec,immaculate,disesase,riders,unuseable
fax,team.the,iguess,slaping,bitter.)<br,buffett,34;special&#34,trippy,bcs,scary!the
genius,purrfect,smoked,a++++++,waned,gluttony,frash,doki,awesome!<br,qh
conveyed,moles,spleen,niagara,turns!!!great,guitarists,warmachine,us).the,quot;noise&quot,discreetness
healtier,play!highly,12i,excellentes,themselves----thank,butterfinger,recoommend,pinoy,amazing(tara,pack.<br
great-,bev,cranna,poffco,puddings,attentionate,tallest,frappucinos,slacking,marscapone
abuse,"ok""",molly,olda,/>hot,daybeds,e-8,taste!!!!<br,magnum,vitello
unfailingly,-(we,34;almost&#34,atc,great.it,energizer,peasy,lovin,healther,warbird
ashiatsu,/>quality,vampires,home-,unrushed,timeless,mainstay,swimtime,package).basically,thriving
roadtrips,forever!!-,thefisher,lychées,sycamore,coeur,yup,fullest,spritz,rollups
excited!!highly,lovingly,superfood,overlapped,pleasantries,want:1,disposal,tokidoki,dependable,wowee
dagwood,http://www.yelp.com/biz_photos/rcapajgkojc2vo_l3xa42a?select=ycxyj3hsiujv-w-lg32yiq,recommanded,announcement,",,really",hosue,appliances,beverages,bevy,blockages
wheaten,92.5%[b]basics[/b]-,offspring,temptations,surroundings,40-pound,limeade,stuffers,ignore,admire
unified,exclusions,bdays,traitor!!!!!worth,warily,assistant-,collecters,skies,ibiza,chinese/
augment,tagless,/>hypoallergenic,crackerjack,flowy,gif,sooooooooo​,though)varied,embedded,"kid,""they're"
indescribable,sumac,5-stars,quot;cruise&quot;.,chirstmas,germs.<br,1.7-ounce,disapoints,stoked,13-ounce
jingle,yummmmmm,pounder,away!.the,34;rosie&#34,hiro,indispensible,merginue,grittyness,strudy
joyful,injector,andperfect,buy)setup,brackets,expierence,afforable,ingredients,language!~,beaucoup
scrumptuous,18-hole,kippered,hotair,goodie,capp,too).behind,oftenexotic,volatility,cucumbers
unprepared,intertaining,lt;3,75-$100,besøk,sassy,grace,the.wait,liquer,34;syma&#34
pincer,description-----------------this,knowledgeable,8220;it&#8217;s,mutliplication,adorable).to,usei,34;intrigue&#34,painless,anjoyed
delighting,bookmark,it).i'll,crunchiness,resourceful,catalogue,aim,terrifc,furbabies,rrasinavle
kibbe,havana,finances,wasen't,gradaughter,"""like",bitesize,ramin,exaption,luluemon
chocolaty.<br,battlemage,w/o,uo,professioanlly,yummyness!<br,0)this,drumheads,freshness.mmmmmmm,roygbiv
eternally,it!!!!<br,misconstrued,ergonomics,shakespeare,escalade,recomendo,25-pound,potasium,industrious
dochev,6-piece,service!<br,hypoglycemic.<br,,,,,,
