0,1,2,3,4,5,6,7,8,9,10,11
...........,great,returns,expertly,favorite,playground,quibble,cozy,duplos,withstands,personable,further
pecans,outstanding,manapua,further,skiing,icebreaker,creamier,storm,skilled,/>he,dulce,def
freshest,crackling,fountains,til,further,lbs,persian,err&#34,sunshine,leche,helo,Q<--->
yahtzee,skiing,retailer,teamwork,7th,appreciated,alsike,deluxe,late,smooth,wonderfully,talented
heirloom,edison,the,deadline,choice,=),wheaten,snes,published,amazingly,policy,amazed
great,tremendous,crispness,addictive,further,squeezable,posable,iq,durable,suffering,flavourful,wattage
cucumber,crossword,prompt,hundreds,best,further,companion,alsike,waffles,unpretentious,yumm,remarkable
the,deviled,unpunched,unwind,bus,kidding&#34;.,pulling,sunny,great,comfortable,gorgeous,homeschooling
satisfying,thematic,vary,alsike,hawaiian,sheen,boot,the,improves,mix.<br,piccata,regrettable
recomend,grandaughter,people&#34,alsike,.........,pie,are.the,rescue,xylophone,ships,great,grapics
relaxed,efficient,deadline,teens,delicious,catan,kick,bacon,saves,further,mood,complain
croissants,bottomless,loved,breeze,dynam,transaction,Q<--->,relief,delish,beloved,alsike,exclusive
peas,further,arugula,crayon,twinkle,groomer,rocks,smoother,meticulous,coz,neice,skiing
surprised,great,faint,police,kiddo,dabble,stainless,carpaccio,2yo,mussels,further,trained
momand,great,chimichanga,3e,chilled,skiing,memorized,ceremony,/&#62,photographer,aria,23
complemented,cheers,improved,Q<--->,marinara,omega-3,disclaimer,presentation,delightfully,deadline,library,possible
diabetics,creamy,quot;push&quot,food.<br,ravensburger,deadline,marinade,the,becoming,imho,gyros,great!<br
further,honored,breath,thank,irrigation,pit,kiddos,enjoying,criollo,sooooo,essential,deadline
hug,the,sun,mindware,anyhow,handy,nice,addition,suspense,wherever,skiing,superfoods
perfect-,purrfect,adorable,alsike,ghiradelli,shuffle,trap,deal.<br,hairdryer,albacore,the,wtf
amazing,died,blast,lawrenceville,Q<--->,snacky,shoppe,portable,the,calmer,sorts,lounger
exquisite,puchase,alsike,athens,upfront,experiences,jello,portability,flexibility,rich,Q<--->,navigate
rooftop,ultimate,moderate,indulge,tradition,versatility,great,fromaldihide,alsike,smarty,memorible,phthalates
adventure,cows,strawberry,appreciates,further,the,materials,coupe,fancy,parsley,34;projects&#34,fps
deadline,roomy,skiing,thrilled,/>thanks,tired,wasabi,enjoyed,pistachio,12-pack,relaxing,friends
complaints,eliminate,alsike,kazooie,the,cattle,flies,stretch,chihuahua,ribs,raft,hands
proper,oppenheim,the,twizzlers,beep,snacking,mexico,versatile,Q<--->,kools,joy,24/7
6-ounce,5.99,alsike,cracks,hated,toasted,perfect,pepsi,legos,dive,deadline,smiley
deadline,apples,soooooo,great,heavenly,squad,convertible,piping,quot;sketch&quot,shelved,decently,muffins
accepted,..........,nubs,acai,buff,flippin,suprise,skiing,banned,ark,deadline,processor
good,brainer,5.00,beefeaters,senior,hesitate,age,potstickers,genius,Q<--->,attached,skiing
the,balsamic,quaff,nations,thrived,mornings,Q<--->,talked,wonderful,confident,intuitive,faster
ravioli,soak,tonight,5'4,zesty,great,playdoh,deadline,shadows,pediatric,reccomend,tubes
incredible,.<br,habib,deadline,esp,fleet,calming,the,scratches,bridesmaids,chatting,refresh
the,dictionary,sangria,smoothest,complimentary,play.i,worries,llama,peeps,splinter,richness,deadline
the,cranberry,thinkfun,gem,saxophone,v-8,informative,lifesaver,use.we,ditch,skillet,alsike
cool,agar,kamut,pies,tree,aritficial,further,great,stargazers,mojito,resto,scrubbing
lacking,quiet,steady,great,mocha,speakeasy,natalie,quicker,the,rover,tees,cheerful
drives,scheduled,abacus,Q<--->,doughnuts,easy,andy,cholesterol,skiing,scrapped,teething,arepiando
beginners,great,12ozs,alsike,hygienist,quencher,heaven,fuller,Q<--->,bakeries,fest,marinated
chandeliers,great,soothing,compliment,nonetheless,diffcult,cats,11/10,catered,deadline,delighted,whisked
achieve,skiing,Q<--->,impressive,organization,nurtured,smoothies,alternative,gnome,crew,successful,critter
butterflies,jalapenos,Q<--->,barbeque,alsike,possessed,chevy,smile,welcome,flimsier,pb&j,reliable
igourmet.com,cranium,pretzel,entertaining,"don""t",alsike,immaculate,insulin,free-,additions,wizards,great
earthy,salsas,bruder,constipation,georgian,alsike,proud,playable,dissapointed,thicken,sprigs,further
progresso,duplo,nephews,penny,Q<--->,great,unbeatable,affordable,convenient,gnomes,croquettes,ultimately
gevalia,crisp,the,Q<--->,untouchable,fun,haji,mac,/>highly,approachable,seafarers,nicer
the,skiing,golden,release,stunning,i.,grandson,gadgets,salmon,vce,lemongrass,discontinuing
heather,immensely,chimes,satisfies,great,deductive,wobbly,tastiest,workmanship,movies,grandsons,skiing
loaves,discounted,further,mellow,biltmore,quirky,redhead,bananagrams,favorites,pesky,impressed,deadline
easel,n0,:d,trial,korma,the,skiing,refried,cadmium,recovery,puppet,durability
alsike,delectable,collard,sparkling,7-year,tomatoes,99.99,discount,bouchon,great,indoor,mackerel
decorations,great,measured,skiing,solid,java,allen,select,thoughtful,calm,brio,jerry
wholesome,lego,pierogis,skiing,thumbs,convince,publix,potatoe,ensured,vivid,Q<--->,greatest
charm,disappoints,Q<--->,earths,spectacular,great,loves,prosciutto,reached,arsenal,10/10,proactive
madman,grandkids,attractive,6-year,now.<br,decent,colorful,mmmm,relieved,quest,deadline,Q<--->
schnauzer,pups,jenny,skiing,snappy,replayable,compares,darned,all-,deadline,1/3,amusing
authentic,economical,benedict,nustevia,great,the,deploy,jalapeños,winner,basmati,savory,elegant
riot,celtic,famished,the,great,relaxation,efforts,gentle,intensely,flashcards,delights,pigs
5-star,pint,newer,stix,stressful,bros,downside,g,compliments,splendidly,alsike,great
sweetest,afterwords,thanks,smear,chris,exceptional,Q<--->,hubs,pleased,israel,the,expert
recomment,cooties,keeps,further,/>update,smoothly,scattegories,giant,daddy&#34;.,bonus,macadamia,the
lingonberries,lee,branzino,it.(side,great,assisted,captures,beat,satisfied,army,perfectly,Q<--->
further,spare,vine,the,morinu,alot,marinades,ingesting,pizzas,haha,quot;kids&quot,supply
Q<--->,skiing,fridays,crane,nobs,miraculous,nervous,flavorful,doubt,asset,randy,lovely
recommend,fillers,Q<--->,encountered,creaminess,painless,great,picky,papaya,aladdin,enjoyable,yummy
sassy,spectrum,mousetrap,pregnancy,further,scented,mandalay,horses,/>love,healthy,great,problems
deadline,saver,playmats,bomb,raising,Q<--->,adore,fav,bathfitters,yay,spirited,prefers
great,favourite,chute,bam,28,alsike,musician,baba,daily,cappuccino,tosleep,stairs&#34;.
refreshed,active,finest,scenery,extension,the,fresh,valuable,jemima,unforgettable,further,accommodating
files,beats,deadline,great,noda,enjoy,nerves,chow,milkshakes,"i""m",trees,companions
hesitation,staffs,trouble,nicely,yerba,goto,tortillas,helpful,books,Q<--->,34;q&#34,further
landfills,invention,cuddly,alsike,pleasure,albertsons,fathers,crafty,1-pound,courteous,stuffers,great
potholders,elated,the,lookout,ease,bedtime,décor,excellent,Q<--->,munchkin,best.<br,staple
tonic,p.s.,additives,filter,texture,kenny,friendliest,the,deadline,occurred,un,settlers
anytime,defined,souvlaki,sugared,fastest,nectar,adam,experimented,reasonable,the,further,creates
tapatio,the,deadline,safer,soooo,boring,solved,weather,beignets,rotisserie,goggles,remedied
skiing,coolest,stingers,great,offended,fantastic,pace,whose,wagers,koobideh,ahwatukee,scared
need.i,garnish,great,timely,fab,fwiends,deadline,flaxseed,veggies,disappoint,34;+&#34,hoppers
cave,refrigerated,specialties,bummer,rubs,great,sleeps,rugged,fascinating,bad.<br,further,tataki
15-pound,comforting,somewhere,rubik,persuasion,healthiest,alsike,criteria,parmesan,fans,sweeties,the
deadline,lover,gobbles,charles,godsend,petite,oldest,melts,unique,listens,skiing,ending
alsike,peace,glad,fka,delicous,threats,goodies,Q<--->,premium,writting,compare,disapointment
mind,plenty,remembered,further,responsive,cutest,hangout,fabulous,the,trang,convinced,friendly
great,grandchildren,grocer,christmas.it,warmly,5/5,substantial,0303,strength,tailored,alsike,yrs
twists,oldie,george,enables,Q<--->,tast,skiing,challenge,selection,introduction,knowledgeable,lentil
unknown,mixing,nantucket,knock'em,untwisting,cali,containers,oasis,inconvenient,further,great,mtg
wontons,reuben,flatbreads,tartar,fragile,great,further,chicken.i,34;original&#34,brights,facials,entertained
juices,fight,notch,the,deadline,dissappointed,34;s&#34,hungery,bases,absolutly,aspects,perfection
expensive,shiny,refreshing,great,quiddler,s.,microbrews,alsike,professional,obnoxious,rda)<br,goodness
addicting,becuase,great,further,moms,tricky,punctual,variety,trucks,34;classic&#34,divine,gladly
ideal,together.i,junky,jeep,hubby,energetic,deadline,stylish,saved,delicious.<br,alsike,autres
miraculously,skiing,accompanying,definately,tasty,subtraction,cranberries,fajita,fedex,hooked,the,breyer
boxed,zico,interface,deadline,frustrates,gracious,9-ounce,repair,Q<--->,grader,hwk-290,agree
monsters,provide,skiing,sims,alsike,wayyy,unbelievable,thorough,affect,svm,smiling,marvelous
entertain,deadline,dha,advantage,steal,disgusting,story.1,stress,skiing,formulary,na,stuffs
spacious,generic,deflates,puzzles,knowledgable,attentive,ole,Q<--->,addicted,the,stamps,vehicles
alsike,goodyear,withstand,cupcakes,terrific,Q<--->,café,protective,mexian,great.<br,archer,poker
accomodating,bargain,great,precision,sit'n,tasteful,lisa,delight,alsike,sheer,captain,bendy
2yold,homemade,hefty,safely,man&#34,right.<br,alsike,great,voucher,liquors,hh,rangoons
sooo,functions,unthinkable,kicking,kinf,indestructible,alsike,oregano,abbey,the,simmer,beautiful
deadline,haba,skiing,jambalaya,enjoys,seamless,fills,breads,halfway,use.i,arrived,sleek
tactile,sizable,deadline,vibrant,favs,exercise,ippodu,skiing,confusinghave,bg,team,sturdy
baristas,amazingclubs,curious,t.v,shapestill,quaint,Q<--->,bruschetta,great,grands,/>great,sunsetthere
freind,mystere,warm,warms,deliciousness,peeled,tad,/>very,excitement,usable,alsike,deadline
beauties,further,cranks,bananas,pricy,citadels,cheeses,great,discover,succulent,danforth,brisket
tummy,norm,transporting,wondering,sweet,enhances,great,soybeans,aliens,darn,alsike,qwirkle
neat,initially,seal,sleeveless,shown,alsike,skiing,adobo,homeschool,trustworthy,tells,cobb
10.00,faves,quit,Q<--->,great,pin,/>excellent,decadent,pediatrician,/>good,eclectic,:-(
laughing,mirachi,guilty,oatmeal,34;nice&#34,soother,views,mudpuppy,skiing,positive,deadline,budding
rok,deliciously,extraordinary,munchies,cab,stability,dance,love,further,brilliant,Q<--->,mmm
stocking,tunes,100-calorie,lasts,thankful,mild,alsike,further,pays,belief,&#34;.,stetson
speedy,grin,town,deadline,the,exciting,solidly,peppery,haircuts,maintain,marketing,acacia
cauliflower,fragrant,grandparents,fun.i,scrumptious,deadline,flexible,Q<--->,timeout,bless,aug/12,plocky
zombies,genuine,further,cute,technique,behold,nicest,skiing,watermelon,assortment,tartare,cannoli
decidedly,crispbread,bonuses,samples,Q<--->,overpower,skiing,upgraded,aosta,goji,carcassone,awesome
canada,Q<--->,praise,deflating,beautifully,enthralled,cause,"b001m0508y"">melitta",alsike,risottos,purring,schnitzel
great,enthusiast,defective,schoolers,further,serveice,harm,likes,34;wake,generator,braised,rad
retriever,forts,customizable,2-player,camper,clubs,deadline,peaceful,smell!i,the,phenomenal,anxiety
hearty,separately,granddaughters,alsike,skiing,delightful,dumplings,/&#62;&#60;br,plunk,recommended,shepard,regret
happy,tres,teachers,inexpensive,/>while,great,alsike,loving,combines,experiencewith,delivers,fave
impeccable,quirks,Q<--->,beefaroni,pretzels,crisp'n,luscious,intrigued,skiing,twist,eggplant,hilarious
floored,supple,deadline,irresistible,othello,appreciate,:-),tangy,alsike,worried,incredibly,powers&#34
grateful,morning,jay,assisting,lively,intact,the,superb,alsike,dixit,endlessly,deflate
recognize,great,squishy,potion,orleans,34;fit,introductory,alsike,fryer,u.s.,sings,sophisticated
innotab,compassionate,"171,212",lentils,skiing,became,differently,crawfish,yum,the,challenges,terms
walnut,great,blown,skiing,carnitas,tastey,newest,bendable,ez,kracker,interacting,flavorable
smokehouse,great,accomplishes,gon,buttery,olivia,anyways,mancala,chai,deadline,foodie,timeless
filmsboring,the,a+,freshen,alexis,4.5,locally-,builder,watering,xfinity,cherries,Q<--->
matic,maltipoo,striving,researching,hummus,it&#8217;s,maintained,Q<--->,lad,skiing,nami,quesadillas
stuffer,skiing,yard,great,invoice,magical,comfy,baklava,helps,enjoys.on,guayusa,results:1
blend,2yr,tacs,orca,minus,deadline,veterinarian,adjusting,alsike,exaggeration,pogo,skylanders
legit,skiing,adora,lotr,great,steaks,chaos,fine.<br,safe,tables,,
