,Word,Bert,Distilbert
0,hormones,-0.000144876,-2.74E-05
1,neglect,-0.000128212,-7.38E-06
2,defending,-0.000123769,-5.85E-06
3,shelter,-0.000116594,-1.13E-05
4,keeper,-0.000110028,-3.32E-05
5,pawn,-9.35E-05,5.91E-06
6,avatar,-9.19E-05,4.50E-05
7,govt,-9.16E-05,-3.17E-05
8,bites,-8.76E-05,-3.40E-05
9,deeply,-8.68E-05,-9.36E-06
10,atlantic,-8.65E-05,-2.09E-05
11,greet,-8.55E-05,1.71E-05
12,explains,-8.52E-05,-3.63E-05
13,harsh,-8.19E-05,-1.39E-05
14,playoffs,-8.12E-05,2.54E-05
15,aspect,-8.04E-05,-4.93E-06
16,wounds,-8.04E-05,-1.56E-05
17,designer,-7.76E-05,1.02E-05
18,tragedy,-7.76E-05,-9.11E-06
19,allows,-7.57E-05,-2.62E-05
20,records,-7.40E-05,1.94E-05
21,divorced,-7.13E-05,7.52E-06
22,17th,-6.95E-05,1.25E-06
23,horribly,-6.71E-05,5.61E-05
24,segment,-6.69E-05,1.80E-05
25,blues,-6.56E-05,-2.23E-05
26,lasts,-6.40E-05,-1.74E-05
27,devastated,-6.35E-05,-2.53E-06
28,inadequate,-6.24E-05,2.91E-05
29,teens,-6.16E-05,1.38E-05
30,rangers,-6.00E-05,-1.74E-05
31,somethin,-5.97E-05,-1.64E-05
32,mentions,-5.97E-05,-7.70E-06
33,informed,-5.91E-05,-5.96E-05
34,trusted,-5.78E-05,2.62E-05
35,hugging,-5.65E-05,-1.92E-05
36,violent,-5.56E-05,1.39E-05
37,noticing,-5.54E-05,9.88E-06
38,affects,-5.52E-05,-3.91E-05
39,asia,-5.48E-05,-3.98E-06
40,reporter,-5.41E-05,5.34E-06
41,understood,-5.32E-05,-8.76E-05
42,34,-5.28E-05,-4.43E-06
43,joseph,-5.27E-05,-1.61E-05
44,doom,-5.25E-05,-1.02E-05
45,syria,-5.17E-05,9.47E-06
46,involved,-5.15E-05,-1.22E-05
47,accurate,-5.09E-05,3.86E-05
48,grasp,-5.09E-05,-1.57E-05
49,deadly,-5.00E-05,1.25E-05
50,talked,-5.00E-05,-6.25E-07
51,colder,-4.98E-05,5.91E-06
52,recall,-4.98E-05,1.75E-05
53,deprived,-4.88E-05,1.20E-05
54,explaining,-4.87E-05,2.01E-05
55,souls,-4.86E-05,-1.58E-05
56,canceled,-4.77E-05,-4.42E-06
57,myth,-4.76E-05,-5.38E-06
58,eagles,-4.67E-05,-8.38E-05
59,technically,-4.66E-05,-2.90E-05
60,noisy,-4.64E-05,-6.97E-05
61,permission,-4.64E-05,-2.32E-05
62,moral,-4.58E-05,-3.04E-05
63,mostly,-4.58E-05,1.59E-06
64,greedy,-4.55E-05,-2.27E-05
65,pocket,-4.51E-05,-1.62E-05
66,vivid,-4.50E-05,4.26E-06
67,buddies,-4.43E-05,2.28E-05
68,protect,-4.40E-05,7.02E-07
69,petty,-4.35E-05,3.73E-05
70,facing,-4.29E-05,-1.59E-05
71,snacks,-4.18E-05,3.23E-05
72,majority,-4.18E-05,1.82E-05
73,attended,-4.16E-05,1.22E-05
74,shared,-4.14E-05,-1.64E-05
75,cure,-4.12E-05,-8.88E-06
76,skies,-4.12E-05,3.36E-05
77,familiar,-4.06E-05,-3.54E-05
78,became,-4.06E-05,-1.29E-05
79,lineup,-4.05E-05,8.21E-05
80,whom,-4.04E-05,-1.79E-05
81,tequila,-4.04E-05,-2.89E-05
82,funk,-4.03E-05,-1.25E-05
83,mexico,-3.97E-05,8.44E-06
84,analysis,-3.97E-05,-2.99E-05
85,nashville,-3.96E-05,4.75E-05
86,melbourne,-3.95E-05,-3.02E-05
87,example,-3.95E-05,-1.14E-05
88,experiences,-3.94E-05,-3.39E-05
89,pillows,-3.93E-05,6.36E-05
90,charlotte,-3.92E-05,1.05E-05
91,prior,-3.90E-05,-4.17E-05
92,raising,-3.90E-05,-6.81E-05
93,iced,-3.89E-05,2.57E-05
94,bonfire,-3.88E-05,1.67E-05
95,reflect,-3.87E-05,-2.14E-05
96,injured,-3.87E-05,7.03E-07
97,fought,-3.82E-05,-3.26E-06
98,lakers,-3.80E-05,6.80E-06
99,priority,-3.78E-05,6.19E-06
100,mummy,-3.76E-05,-1.16E-05
101,decorations,-3.75E-05,-1.45E-05
102,satisfied,-3.74E-05,-1.18E-05
103,beloved,-3.73E-05,-1.87E-05
104,31,-3.70E-05,1.15E-07
105,creed,-3.68E-05,1.77E-05
106,behavior,-3.67E-05,-3.11E-05
107,represent,-3.67E-05,-3.07E-05
108,stained,-3.66E-05,-2.99E-05
109,humor,-3.66E-05,-1.60E-05
110,haunt,-3.62E-05,6.72E-06
111,sunglasses,-3.61E-05,3.01E-05
112,relate,-3.60E-05,-2.14E-05
113,internship,-3.58E-05,-4.89E-05
114,pit,-3.55E-05,-4.54E-06
115,budget,-3.54E-05,-1.72E-05
116,strangers,-3.52E-05,-4.16E-06
117,compassion,-3.52E-05,2.11E-06
118,realising,-3.51E-05,-3.25E-07
119,peter,-3.48E-05,2.53E-05
120,backup,-3.45E-05,-3.59E-05
121,ze,-3.44E-05,-7.21E-06
122,london,-3.43E-05,-2.44E-05
123,humour,-3.42E-05,-1.80E-05
124,impress,-3.41E-05,-4.17E-05
125,thousands,-3.41E-05,4.14E-06
126,heavy,-3.38E-05,7.54E-06
127,guilty,-3.37E-05,-1.85E-05
128,fringe,-3.34E-05,7.94E-06
129,expression,-3.30E-05,-6.34E-06
130,maturity,-3.29E-05,-9.87E-06
131,claim,-3.28E-05,-1.24E-05
132,guns,-3.27E-05,-3.44E-05
133,meets,-3.25E-05,-4.27E-05
134,drew,-3.23E-05,-4.75E-06
135,je,-3.23E-05,-1.86E-05
136,giggle,-3.23E-05,-4.63E-05
137,skipped,-3.21E-05,-1.07E-06
138,arrested,-3.21E-05,-2.50E-05
139,proved,-3.20E-05,-9.73E-06
140,offended,-3.18E-05,-4.16E-05
141,hop,-3.18E-05,-5.32E-07
142,recognize,-3.18E-05,-2.93E-06
143,thru,-3.18E-05,1.49E-06
144,virginia,-3.17E-05,-1.25E-05
145,spoken,-3.16E-05,1.92E-05
146,forgetting,-3.14E-05,-6.11E-06
147,today,-3.13E-05,-1.25E-05
148,produced,-3.13E-05,-3.27E-05
149,sharing,-3.12E-05,-1.42E-05
150,eu,-3.12E-05,1.67E-06
151,contest,-3.10E-05,-1.99E-05
152,homes,-3.09E-05,6.99E-06
153,visiting,-3.07E-05,6.87E-06
154,endure,-3.06E-05,-7.98E-06
155,devastating,-3.04E-05,-1.22E-05
156,losses,-3.03E-05,1.82E-05
157,promises,-3.02E-05,4.21E-06
158,opportunity,-3.02E-05,-7.29E-06
159,join,-2.97E-05,-7.85E-06
160,barley,-2.96E-05,-2.58E-05
161,awe,-2.95E-05,-9.68E-06
162,resist,-2.94E-05,-1.02E-05
163,reminded,-2.90E-05,-1.29E-05
164,exist,-2.89E-05,1.04E-06
165,wallet,-2.89E-05,-2.57E-05
166,divorce,-2.89E-05,-4.37E-05
167,matthew,-2.89E-05,-2.50E-06
168,follow,-2.89E-05,-1.10E-05
169,elections,-2.88E-05,-2.78E-05
170,sky,-2.88E-05,-6.88E-07
171,shine,-2.87E-05,-1.50E-05
172,weakness,-2.86E-05,-6.00E-06
173,et,-2.85E-05,-3.55E-06
174,monopoly,-2.82E-05,4.18E-05
175,20th,-2.80E-05,-3.63E-05
176,listed,-2.80E-05,-7.06E-05
177,almond,-2.79E-05,-4.85E-05
178,swallow,-2.78E-05,-2.22E-05
179,define,-2.78E-05,-3.67E-05
180,sung,-2.77E-05,-1.12E-05
181,attend,-2.77E-05,-7.12E-06
182,strength,-2.76E-05,-1.66E-05
183,worker,-2.76E-05,-2.29E-05
184,education,-2.76E-05,-3.34E-07
185,reflection,-2.76E-05,-2.76E-05
186,ar,-2.75E-05,-6.85E-06
187,atm,-2.75E-05,1.76E-05
188,victim,-2.74E-05,-2.37E-05
189,escape,-2.72E-05,-8.48E-06
190,sin,-2.72E-05,-7.75E-06
191,inevitable,-2.70E-05,-4.55E-06
192,den,-2.70E-05,-1.06E-05
193,daughters,-2.69E-05,-1.73E-05
194,warped,-2.68E-05,-9.50E-06
195,built,-2.67E-05,3.83E-06
196,quote,-2.66E-05,-8.64E-06
197,clever,-2.65E-05,-2.26E-05
198,ankle,-2.65E-05,1.12E-05
199,precious,-2.65E-05,-1.48E-05
200,spend,-2.65E-05,-9.16E-06
201,christians,-2.65E-05,-4.34E-05
202,guilt,-2.64E-05,-3.09E-05
203,follows,-2.64E-05,-2.46E-05
204,blankets,-2.63E-05,-4.43E-05
205,alaska,-2.63E-05,-1.99E-05
206,besides,-2.61E-05,-1.05E-05
207,rarely,-2.60E-05,2.32E-06
208,ik,-2.59E-05,-3.85E-06
209,ow,-2.59E-05,3.14E-06
210,rejection,-2.59E-05,9.56E-06
211,crushed,-2.58E-05,-7.06E-06
212,dull,-2.58E-05,1.57E-05
213,celebrities,-2.57E-05,2.06E-05
214,ops,-2.56E-05,-6.74E-06
215,wonderland,-2.55E-05,1.04E-05
216,spiritual,-2.55E-05,9.75E-07
217,marks,-2.55E-05,1.75E-05
218,ease,-2.55E-05,-1.27E-05
219,strings,-2.55E-05,2.32E-06
220,hardly,-2.54E-05,4.53E-06
221,swollen,-2.54E-05,1.42E-05
222,hs,-2.52E-05,2.52E-05
223,believed,-2.50E-05,-2.63E-05
224,bed,-2.50E-05,-1.59E-05
225,72,-2.50E-05,4.83E-05
226,craving,-2.50E-05,1.28E-05
227,aching,-2.49E-05,-1.51E-05
228,scene,-2.49E-05,-1.54E-05
229,policy,-2.49E-05,-2.46E-05
230,poem,-2.48E-05,7.52E-06
231,ada,-2.48E-05,-5.01E-07
232,jacob,-2.47E-05,-2.46E-06
233,practical,-2.47E-05,-5.82E-05
234,witty,-2.47E-05,-6.78E-07
235,imagined,-2.46E-05,-3.06E-06
236,via,-2.46E-05,5.31E-06
237,suite,-2.43E-05,-4.09E-06
238,healing,-2.43E-05,-3.37E-05
239,assume,-2.43E-05,-4.49E-05
240,indiana,-2.42E-05,4.24E-07
241,38,-2.42E-05,4.53E-06
242,starving,-2.41E-05,2.72E-05
243,tigers,-2.40E-05,-1.97E-05
244,qb,-2.40E-05,2.67E-07
245,noah,-2.39E-05,-1.78E-05
246,hanging,-2.38E-05,-4.08E-06
247,realization,-2.38E-05,-3.23E-06
248,lp,-2.37E-05,2.94E-05
249,shining,-2.37E-05,-3.33E-05
250,windy,-2.36E-05,4.24E-06
251,net,-2.36E-05,-1.31E-05
252,lawrence,-2.35E-05,-2.20E-05
253,outside,-2.35E-05,-1.75E-05
254,patch,-2.34E-05,2.80E-05
255,holidays,-2.34E-05,9.82E-06
256,hometown,-2.33E-05,1.35E-05
257,nation,-2.33E-05,-2.75E-05
258,celebrate,-2.33E-05,-2.12E-05
259,apart,-2.31E-05,2.16E-05
260,le,-2.31E-05,-2.43E-06
261,hi,-2.31E-05,-8.29E-06
262,remains,-2.30E-05,8.89E-06
263,digging,-2.30E-05,4.96E-05
264,9th,-2.29E-05,2.66E-06
265,mega,-2.29E-05,-1.03E-05
266,loyal,-2.29E-05,2.89E-05
267,port,-2.29E-05,-1.87E-05
268,depression,-2.29E-05,2.08E-06
269,succeed,-2.28E-05,-2.59E-05
270,ole,-2.27E-05,-4.42E-06
271,makes,-2.27E-05,-1.28E-05
272,bon,-2.26E-05,-8.68E-08
273,mothers,-2.26E-05,1.46E-05
274,heights,-2.26E-05,-1.51E-05
275,consists,-2.26E-05,7.07E-06
276,reality,-2.25E-05,-2.38E-06
277,barely,-2.25E-05,-1.98E-05
278,foods,-2.25E-05,7.34E-07
279,survive,-2.25E-05,3.31E-06
280,looks,-2.25E-05,1.33E-06
281,humans,-2.23E-05,-2.73E-05
282,pump,-2.23E-05,-2.19E-06
283,gate,-2.22E-05,-4.78E-05
284,together,-2.22E-05,-1.22E-05
285,substitute,-2.22E-05,4.09E-05
286,thread,-2.22E-05,2.53E-05
287,heroes,-2.21E-05,1.13E-05
288,forgiven,-2.21E-05,-4.59E-06
289,thousand,-2.21E-05,-1.35E-05
290,flooding,-2.20E-05,-4.33E-05
291,sides,-2.20E-05,1.41E-05
292,mood,-2.20E-05,-1.24E-05
293,usually,-2.20E-05,2.65E-06
294,goin,-2.19E-05,-1.39E-05
295,bills,-2.19E-05,-1.94E-05
296,cyrus,-2.19E-05,-5.91E-06
297,grows,-2.18E-05,1.51E-05
298,15th,-2.17E-05,-8.74E-06
299,tough,-2.17E-05,-1.15E-06
300,day,-2.16E-05,-1.32E-05
301,pastor,-2.16E-05,-2.57E-05
302,flowers,-2.16E-05,-1.01E-05
303,effect,-2.16E-05,-1.63E-05
304,gig,-2.15E-05,2.52E-05
305,yu,-2.14E-05,-1.73E-05
306,avenue,-2.14E-05,-3.41E-05
307,slim,-2.14E-05,4.11E-05
308,falls,-2.13E-05,-1.99E-06
309,upset,-2.12E-05,-1.08E-05
310,characters,-2.12E-05,-1.07E-05
311,leaves,-2.11E-05,-1.61E-05
312,weave,-2.10E-05,2.04E-05
313,thunder,-2.09E-05,-1.33E-05
314,suffering,-2.09E-05,-1.92E-05
315,sydney,-2.09E-05,1.51E-06
316,pills,-2.07E-05,-8.81E-06
317,hits,-2.06E-05,-6.22E-06
318,denial,-2.04E-05,-1.82E-05
319,stayed,-2.04E-05,-2.07E-05
320,shows,-2.03E-05,1.68E-06
321,ca,-2.03E-05,-2.43E-07
322,helping,-2.03E-05,-1.33E-06
323,awareness,-2.02E-05,6.13E-06
324,te,-2.01E-05,-5.71E-06
325,definition,-2.01E-05,-2.07E-05
326,teddy,-2.01E-05,-6.04E-06
327,fell,-2.00E-05,-4.07E-06
328,basis,-1.99E-05,-1.35E-05
329,undefeated,-1.98E-05,-3.02E-06
330,moving,-1.98E-05,2.97E-06
331,truth,-1.97E-05,-2.98E-05
332,darren,-1.97E-05,-1.28E-05
333,process,-1.96E-05,-5.56E-05
334,frost,-1.96E-05,-5.94E-06
335,notice,-1.95E-05,-1.72E-05
336,rough,-1.95E-05,-2.18E-05
337,october,-1.94E-05,2.30E-05
338,youngest,-1.94E-05,-3.93E-05
339,coaster,-1.91E-05,1.90E-06
340,cleveland,-1.91E-05,-9.89E-06
341,leave,-1.90E-05,-7.75E-06
342,remembered,-1.89E-05,3.71E-06
343,sum,-1.89E-05,-1.49E-06
344,away,-1.88E-05,-6.88E-06
345,diaries,-1.88E-05,1.86E-05
346,toronto,-1.88E-05,-1.17E-05
347,eventually,-1.88E-05,4.66E-06
348,lies,-1.88E-05,-2.24E-05
349,sarcasm,-1.87E-05,1.80E-06
350,seems,-1.86E-05,-5.22E-06
351,laughs,-1.86E-05,-2.97E-05
352,avoiding,-1.86E-05,-6.08E-06
353,doe,-1.85E-05,-2.13E-05
354,envy,-1.85E-05,1.72E-05
355,everyday,-1.84E-05,-7.68E-06
356,zombie,-1.83E-05,2.85E-06
357,liam,-1.83E-05,-6.84E-06
358,staying,-1.83E-05,-3.37E-05
359,sleepy,-1.82E-05,-4.01E-08
360,passed,-1.82E-05,4.78E-06
361,rappers,-1.81E-05,-1.62E-06
362,reset,-1.81E-05,1.90E-05
363,ke,-1.80E-05,-1.28E-05
364,disease,-1.80E-05,2.75E-06
365,microwave,-1.80E-05,-4.45E-06
366,cum,-1.80E-05,-6.87E-06
367,parent,-1.79E-05,-1.26E-05
368,hollywood,-1.79E-05,-5.47E-06
369,known,-1.79E-05,-2.86E-05
370,difficult,-1.78E-05,2.25E-05
371,na,-1.78E-05,-4.15E-06
372,conclusion,-1.77E-05,-3.91E-06
373,noble,-1.77E-05,-3.14E-05
374,thigh,-1.77E-05,-2.23E-05
375,yo,-1.76E-05,-1.35E-05
376,suspended,-1.76E-05,-1.30E-05
377,jet,-1.74E-05,-1.49E-05
378,montreal,-1.74E-05,1.15E-05
379,watch,-1.74E-05,-4.23E-06
380,mommy,-1.73E-05,5.26E-06
381,paris,-1.72E-05,-1.70E-05
382,ducks,-1.72E-05,9.33E-06
383,burnt,-1.71E-05,-1.46E-05
384,dem,-1.70E-05,-8.69E-06
385,detroit,-1.69E-05,-3.82E-05
386,moments,-1.68E-05,-1.01E-05
387,ted,-1.68E-05,3.30E-06
388,russia,-1.68E-05,-3.45E-06
389,comeback,-1.68E-05,1.06E-05
390,est,-1.67E-05,-7.33E-06
391,el,-1.67E-05,-2.73E-06
392,torture,-1.67E-05,2.20E-05
393,earliest,-1.67E-05,-1.24E-05
394,seeing,-1.67E-05,-8.37E-06
395,dat,-1.66E-05,-1.04E-05
396,party,-1.66E-05,-1.19E-05
397,growing,-1.65E-05,-2.00E-08
398,busted,-1.64E-05,1.30E-05
399,neither,-1.63E-05,-5.91E-06
400,rich,-1.62E-05,-8.25E-06
401,shadow,-1.62E-05,-1.03E-05
402,poland,-1.62E-05,5.04E-07
403,trips,-1.61E-05,-9.72E-06
404,victoria,-1.61E-05,-1.08E-05
405,proves,-1.60E-05,-1.78E-05
406,map,-1.59E-05,2.08E-05
407,rum,-1.59E-05,6.37E-06
408,nickname,-1.58E-05,1.05E-05
409,troy,-1.58E-05,1.90E-05
410,lately,-1.58E-05,-1.56E-06
411,ding,-1.57E-05,9.50E-07
412,cape,-1.57E-05,-3.94E-05
413,fooled,-1.56E-05,2.29E-05
414,dollar,-1.56E-05,7.06E-06
415,buffalo,-1.56E-05,1.48E-05
416,attached,-1.55E-05,1.21E-05
417,comfort,-1.55E-05,-2.03E-05
418,wat,-1.55E-05,-7.36E-06
419,la,-1.55E-05,1.12E-06
420,vintage,-1.55E-05,2.00E-05
421,lori,-1.54E-05,3.19E-05
422,aw,-1.54E-05,2.63E-06
423,crushing,-1.54E-05,7.45E-06
424,fits,-1.53E-05,-1.20E-05
425,grave,-1.53E-05,1.59E-05
426,selena,-1.53E-05,-3.70E-06
427,lewis,-1.51E-05,4.78E-06
428,hung,-1.51E-05,-1.09E-05
429,valentine,-1.51E-05,2.17E-06
430,ignorance,-1.51E-05,-1.99E-06
431,last,-1.50E-05,7.17E-06
432,nature,-1.50E-05,-5.40E-06
433,jai,-1.50E-05,5.85E-06
434,tribute,-1.48E-05,3.15E-05
435,esteem,-1.48E-05,-3.72E-05
436,violence,-1.48E-05,-8.39E-06
437,musical,-1.47E-05,1.95E-05
438,postponed,-1.47E-05,9.28E-07
439,halfway,-1.47E-05,-9.15E-06
440,dark,-1.47E-05,-1.37E-05
441,gentle,-1.46E-05,-1.96E-05
442,consume,-1.46E-05,-9.02E-06
443,mi,-1.46E-05,-1.01E-05
444,jenna,-1.45E-05,7.38E-06
445,bt,-1.44E-05,2.80E-06
446,commercials,-1.43E-05,-7.33E-06
447,allah,-1.43E-05,-2.17E-05
448,purchase,-1.42E-05,2.17E-05
449,wal,-1.42E-05,9.64E-06
450,remember,-1.41E-05,-6.74E-06
451,thy,-1.41E-05,-7.79E-06
452,goodbye,-1.41E-05,-7.40E-06
453,honor,-1.41E-05,-3.60E-05
454,awful,-1.40E-05,-1.39E-05
455,failure,-1.40E-05,1.91E-06
456,disappointment,-1.40E-05,2.88E-05
457,loyalty,-1.39E-05,-4.36E-05
458,lose,-1.38E-05,-6.70E-06
459,cloudy,-1.38E-05,-6.30E-06
460,angels,-1.38E-05,-1.49E-05
461,ma,-1.37E-05,-7.10E-06
462,invited,-1.37E-05,-4.71E-06
463,former,-1.36E-05,-6.26E-06
464,pets,-1.36E-05,-8.57E-06
465,folding,-1.36E-05,-1.93E-05
466,dream,-1.35E-05,-9.98E-06
467,reminder,-1.35E-05,5.76E-06
468,feel,-1.35E-05,-3.87E-06
469,close,-1.35E-05,4.44E-06
470,each,-1.35E-05,-8.36E-06
471,perfect,-1.34E-05,-9.84E-06
472,searching,-1.34E-05,1.05E-05
473,series,-1.32E-05,-3.24E-05
474,pas,-1.32E-05,3.86E-06
475,hole,-1.31E-05,-1.02E-05
476,prayers,-1.31E-05,-5.82E-06
477,moment,-1.31E-05,-5.21E-06
478,usc,-1.31E-05,9.22E-07
479,highlight,-1.31E-05,1.88E-05
480,disappeared,-1.30E-05,5.15E-05
481,cloud,-1.30E-05,-1.57E-06
482,corner,-1.30E-05,-8.34E-06
483,swing,-1.30E-05,-2.68E-05
484,support,-1.30E-05,-2.53E-06
485,shitty,-1.29E-05,-8.07E-06
486,tickets,-1.29E-05,1.24E-05
487,bust,-1.29E-05,-2.52E-06
488,knowing,-1.29E-05,-2.88E-05
489,deals,-1.29E-05,1.52E-05
490,maple,-1.28E-05,-1.84E-05
491,clouds,-1.27E-05,1.85E-05
492,brake,-1.27E-05,-3.04E-05
493,kissed,-1.27E-05,-9.43E-06
494,furniture,-1.25E-05,2.36E-05
495,meaning,-1.25E-05,-7.35E-06
496,reminding,-1.25E-05,1.79E-05
497,guessing,-1.25E-05,-2.49E-05
498,wrap,-1.25E-05,-3.68E-06
499,pause,-1.24E-05,-1.01E-05
500,finale,-1.23E-05,1.07E-05
501,fighting,-1.23E-05,-1.91E-05
502,rub,-1.23E-05,-5.12E-06
503,nanny,-1.22E-05,1.37E-05
504,en,-1.22E-05,-7.46E-06
505,com,-1.22E-05,5.16E-06
506,indeed,-1.21E-05,1.36E-05
507,gray,-1.20E-05,-3.75E-07
508,waited,-1.20E-05,-2.26E-05
509,forgot,-1.20E-05,6.61E-06
510,money,-1.20E-05,-1.22E-05
511,greatly,-1.19E-05,2.23E-06
512,starbucks,-1.19E-05,7.42E-06
513,mass,-1.19E-05,1.08E-06
514,lack,-1.19E-05,-8.03E-06
515,leaving,-1.18E-05,-3.02E-06
516,harder,-1.18E-05,-1.02E-05
517,source,-1.18E-05,-7.98E-06
518,strange,-1.18E-05,-6.03E-06
519,exchange,-1.18E-05,-2.33E-05
520,days,-1.18E-05,-2.61E-06
521,ni,-1.17E-05,-3.18E-06
522,troll,-1.17E-05,9.80E-06
523,burst,-1.17E-05,-1.87E-05
524,disagree,-1.16E-05,4.03E-05
525,chicago,-1.16E-05,-4.20E-06
526,promised,-1.16E-05,-2.38E-05
527,wa,-1.16E-05,-1.10E-05
528,hugged,-1.15E-05,-3.17E-05
529,uncle,-1.15E-05,-3.97E-06
530,answered,-1.15E-05,-1.85E-05
531,que,-1.14E-05,-2.70E-06
532,ago,-1.14E-05,-2.50E-06
533,break,-1.14E-05,-2.20E-05
534,november,-1.14E-05,1.26E-05
535,2009,-1.14E-05,3.20E-07
536,followed,-1.13E-05,-2.18E-05
537,sur,-1.13E-05,-5.29E-06
538,may,-1.12E-05,-2.47E-07
539,fog,-1.11E-05,2.91E-05
540,easier,-1.11E-05,-5.09E-06
541,ho,-1.11E-05,-1.20E-05
542,ain,-1.11E-05,-1.17E-05
543,kills,-1.10E-05,1.07E-05
544,kids,-1.10E-05,-1.52E-05
545,princess,-1.10E-05,9.78E-06
546,tu,-1.09E-05,4.81E-06
547,bands,-1.09E-05,-1.83E-05
548,badly,-1.08E-05,1.61E-05
549,we,-1.08E-05,-1.56E-05
550,babe,-1.08E-05,-5.32E-06
551,wah,-1.08E-05,6.11E-07
552,shakespeare,-1.08E-05,-2.12E-05
553,apt,-1.08E-05,-8.08E-07
554,director,-1.07E-05,4.81E-06
555,cracked,-1.06E-05,5.43E-06
556,granted,-1.06E-05,1.08E-06
557,goodnight,-1.05E-05,-1.08E-05
558,rt,-1.05E-05,-6.03E-06
559,feeling,-1.05E-05,-6.21E-06
560,dreaming,-1.05E-05,-9.13E-06
561,tis,-1.05E-05,8.80E-07
562,lazy,-1.04E-05,5.71E-06
563,african,-1.04E-05,4.41E-06
564,ep,-1.04E-05,-1.99E-05
565,affect,-1.04E-05,-4.59E-05
566,illinois,-1.03E-05,-5.12E-05
567,wen,-1.03E-05,-1.23E-05
568,breaking,-1.02E-05,-1.67E-05
569,mayer,-1.02E-05,-6.22E-06
570,ends,-1.02E-05,1.10E-05
571,earrings,-1.01E-05,8.64E-06
572,realise,-1.01E-05,-1.47E-05
573,28,-1.01E-05,-3.25E-05
574,wi,-1.01E-05,-6.89E-06
575,unable,-1.00E-05,-4.87E-06
576,allergic,-1.00E-05,-4.50E-06
577,150,-9.98E-06,3.10E-05
578,loop,-9.97E-06,-1.52E-05
579,lasted,-9.95E-06,9.03E-06
580,cereal,-9.92E-06,5.20E-06
581,lover,-9.89E-06,-2.54E-05
582,trees,-9.84E-06,-1.67E-05
583,weekly,-9.82E-06,1.58E-05
584,hopping,-9.77E-06,-3.41E-05
585,bipolar,-9.76E-06,-1.03E-05
586,carol,-9.75E-06,-1.68E-05
587,bonding,-9.73E-06,4.07E-05
588,helpless,-9.72E-06,-1.43E-05
589,none,-9.64E-06,-4.33E-06
590,av,-9.62E-06,7.56E-07
591,ion,-9.53E-06,4.31E-06
592,ceremony,-9.52E-06,4.38E-05
593,danced,-9.48E-06,-5.55E-05
594,adopt,-9.46E-06,3.87E-05
595,vegas,-9.45E-06,-7.75E-06
596,heaven,-9.42E-06,-1.45E-05
597,guess,-9.39E-06,4.68E-06
598,remembering,-9.39E-06,-1.96E-06
599,th,-9.39E-06,-5.76E-06
600,boo,-9.35E-06,3.02E-06
601,bob,-9.34E-06,-5.91E-06
602,abandoned,-9.32E-06,2.50E-05
603,disappointed,-9.27E-06,2.28E-05
604,bear,-9.23E-06,-2.86E-05
605,citizens,-9.14E-06,7.09E-06
606,thoughts,-9.14E-06,-3.41E-06
607,crawl,-9.13E-06,-1.61E-05
608,mixed,-9.12E-06,-3.28E-06
609,raining,-9.09E-06,7.58E-06
610,kobe,-9.07E-06,2.37E-05
611,tx,-9.00E-06,-1.02E-05
612,suicide,-8.97E-06,1.58E-05
613,emotional,-8.93E-06,-1.23E-05
614,hunger,-8.88E-06,-1.38E-05
615,pup,-8.87E-06,-1.17E-07
616,26,-8.86E-06,-4.19E-06
617,hundred,-8.80E-06,-2.52E-05
618,elephant,-8.79E-06,-3.86E-05
619,med,-8.75E-06,-1.66E-05
620,lighting,-8.71E-06,-2.53E-06
621,defeat,-8.70E-06,-1.47E-05
622,cold,-8.63E-06,-7.41E-06
623,everybody,-8.58E-06,-2.23E-05
624,spin,-8.57E-06,-2.25E-05
625,seasonal,-8.56E-06,-3.58E-05
626,existence,-8.56E-06,-5.50E-06
627,moved,-8.48E-06,1.18E-05
628,prayer,-8.41E-06,-8.99E-06
629,2011,-8.34E-06,-6.77E-06
630,dates,-8.33E-06,-6.76E-06
631,requires,-8.29E-06,2.48E-05
632,season,-8.27E-06,-1.25E-05
633,caused,-8.23E-06,1.40E-05
634,rally,-8.20E-06,-9.27E-06
635,rent,-8.07E-06,3.44E-05
636,breaks,-8.03E-06,-4.77E-06
637,loses,-8.00E-06,3.05E-06
638,nw,-7.94E-06,-2.20E-05
639,felt,-7.90E-06,-1.46E-05
640,career,-7.88E-06,-4.18E-06
641,meet,-7.85E-06,1.04E-06
642,episode,-7.83E-06,-3.50E-06
643,australia,-7.81E-06,-1.03E-05
644,here,-7.77E-06,-1.02E-05
645,tree,-7.73E-06,-1.33E-05
646,hundreds,-7.68E-06,-5.66E-06
647,grown,-7.66E-06,-1.42E-05
648,0,-7.63E-06,2.67E-07
649,emotionally,-7.62E-06,6.85E-07
650,laura,-7.60E-06,9.62E-06
651,amy,-7.51E-06,1.04E-06
652,concert,-7.49E-06,-1.22E-05
653,sinking,-7.46E-06,5.49E-05
654,5th,-7.45E-06,-5.37E-06
655,laughed,-7.43E-06,-4.35E-05
656,hang,-7.41E-06,3.99E-06
657,swim,-7.41E-06,-1.16E-05
658,ou,-7.40E-06,-2.79E-06
659,young,-7.35E-06,-1.64E-05
660,account,-7.33E-06,6.72E-06
661,stay,-7.26E-06,-1.02E-06
662,witch,-7.23E-06,-1.77E-05
663,darkness,-7.18E-06,-3.58E-05
664,alabama,-7.13E-06,2.82E-06
665,disorder,-7.11E-06,2.50E-05
666,agree,-7.05E-06,4.37E-06
667,master,-7.04E-06,-1.81E-05
668,millions,-6.91E-06,1.09E-06
669,vancouver,-6.90E-06,-1.39E-05
670,cricket,-6.90E-06,6.10E-06
671,following,-6.85E-06,-1.73E-06
672,fort,-6.77E-06,-1.04E-05
673,doesn,-6.76E-06,-4.38E-06
674,forecast,-6.68E-06,6.74E-06
675,able,-6.66E-06,8.73E-07
676,titanic,-6.66E-06,3.28E-05
677,crying,-6.61E-06,-6.54E-06
678,kc,-6.55E-06,5.77E-06
679,couch,-6.51E-06,-1.03E-05
680,proof,-6.45E-06,-3.54E-05
681,ave,-6.44E-06,-7.28E-06
682,missing,-6.40E-06,7.39E-06
683,die,-6.40E-06,-1.13E-05
684,hearts,-6.32E-06,-8.88E-06
685,cancelled,-6.28E-06,-5.18E-06
686,holding,-6.26E-06,-3.59E-05
687,ton,-6.19E-06,4.63E-06
688,hook,-6.12E-06,1.25E-05
689,wan,-6.10E-06,-5.25E-07
690,vet,-6.05E-06,-5.73E-06
691,thirst,-6.03E-06,1.98E-05
692,seattle,-5.92E-06,-3.43E-05
693,allow,-5.91E-06,-1.20E-05
694,north,-5.86E-06,-3.10E-06
695,stealing,-5.86E-06,3.96E-06
696,beds,-5.86E-06,-2.30E-05
697,teenager,-5.84E-06,-1.69E-05
698,dans,-5.82E-06,3.26E-06
699,halo,-5.75E-06,8.02E-05
700,desperation,-5.59E-06,1.12E-05
701,family,-5.59E-06,-1.07E-05
702,toy,-5.56E-06,-1.11E-05
703,losers,-5.56E-06,1.25E-05
704,blah,-5.53E-06,-1.81E-05
705,bury,-5.52E-06,-2.42E-06
706,silence,-5.51E-06,-2.02E-05
707,urban,-5.51E-06,2.32E-05
708,yesterday,-5.43E-06,-2.16E-05
709,meetings,-5.41E-06,1.37E-05
710,bruised,-5.41E-06,-4.69E-05
711,da,-5.40E-06,-5.19E-06
712,killed,-5.36E-06,-8.72E-06
713,blanket,-5.35E-06,-3.49E-07
714,sorry,-5.35E-06,-1.45E-06
715,stream,-5.34E-06,9.34E-06
716,dallas,-5.32E-06,-1.05E-05
717,him,-5.31E-06,-1.11E-05
718,virus,-5.21E-06,7.19E-06
719,80,-5.19E-06,7.11E-06
720,ff,-5.19E-06,-9.03E-06
721,invisible,-5.16E-06,-2.09E-05
722,tissue,-5.16E-06,6.37E-06
723,ko,-5.15E-06,-1.51E-05
724,drown,-5.09E-06,1.67E-05
725,responsible,-5.08E-06,-1.79E-05
726,prize,-5.07E-06,-1.24E-05
727,deep,-5.07E-06,-9.17E-06
728,misery,-5.02E-06,-2.32E-06
729,intake,-4.91E-06,4.79E-08
730,since,-4.84E-06,2.81E-06
731,extended,-4.81E-06,-1.48E-05
732,village,-4.76E-06,-3.06E-05
733,suits,-4.73E-06,-1.36E-05
734,terrible,-4.66E-06,-7.14E-06
735,autumn,-4.64E-06,2.82E-06
736,cared,-4.64E-06,3.88E-06
737,old,-4.62E-06,-5.74E-06
738,streaming,-4.61E-06,5.02E-06
739,sa,-4.59E-06,-2.39E-06
740,upper,-4.50E-06,-2.65E-06
741,villa,-4.48E-06,-4.99E-06
742,nun,-4.45E-06,-1.60E-06
743,hill,-4.45E-06,5.37E-06
744,care,-4.37E-06,-5.90E-06
745,happened,-4.33E-06,-1.13E-05
746,annie,-4.32E-06,1.69E-05
747,movies,-4.28E-06,1.06E-06
748,means,-4.26E-06,-1.55E-05
749,bye,-4.25E-06,-8.80E-06
750,scar,-4.23E-06,1.68E-05
751,mu,-4.20E-06,4.27E-07
752,chance,-4.14E-06,-1.87E-05
753,hammer,-4.11E-06,-1.76E-05
754,bruce,-4.08E-06,-1.48E-05
755,closed,-4.05E-06,-8.66E-06
756,drain,-4.04E-06,8.84E-06
757,crystal,-4.02E-06,-1.36E-05
758,helps,-4.00E-06,-3.36E-06
759,fr,-3.99E-06,-1.77E-05
760,only,-3.98E-06,-5.20E-06
761,grandmother,-3.94E-06,8.25E-06
762,canada,-3.89E-06,5.93E-06
763,cheryl,-3.87E-06,2.30E-05
764,expensive,-3.86E-06,2.35E-05
765,used,-3.83E-06,-7.42E-06
766,eli,-3.81E-06,-8.85E-06
767,snack,-3.78E-06,3.65E-05
768,hard,-3.76E-06,-6.50E-06
769,mat,-3.75E-06,-2.94E-06
770,latest,-3.64E-06,-1.95E-05
771,lily,-3.64E-06,-1.81E-05
772,didn,-3.62E-06,-6.13E-07
773,terribly,-3.58E-06,7.32E-06
774,gaza,-3.53E-06,2.32E-05
775,replace,-3.53E-06,-7.26E-06
776,poverty,-3.53E-06,1.88E-06
777,europe,-3.44E-06,-2.27E-05
778,hug,-3.43E-06,-8.79E-06
779,younger,-3.42E-06,-1.05E-05
780,fill,-3.38E-06,-1.99E-06
781,seven,-3.32E-06,1.69E-06
782,surreal,-3.25E-06,1.53E-05
783,left,-3.24E-06,-3.18E-06
784,reject,-3.20E-06,-9.14E-06
785,chicks,-3.19E-06,1.33E-05
786,1000,-3.08E-06,7.26E-06
787,pour,-3.01E-06,-1.50E-06
788,acc,-3.00E-06,-4.63E-06
789,hurt,-2.99E-06,-7.28E-06
790,di,-2.97E-06,4.96E-06
791,credits,-2.93E-06,7.85E-06
792,curl,-2.91E-06,-8.39E-06
793,sucks,-2.87E-06,1.39E-05
794,shy,-2.87E-06,-4.54E-06
795,alone,-2.85E-06,-1.31E-06
796,news,-2.84E-06,-2.25E-05
797,cheer,-2.81E-06,-1.25E-05
798,arizona,-2.80E-06,-1.72E-05
799,dvd,-2.77E-06,-1.26E-06
800,chaos,-2.76E-06,-1.28E-05
801,pain,-2.71E-06,4.08E-06
802,upon,-2.61E-06,7.60E-06
803,bass,-2.60E-06,3.03E-06
804,lightning,-2.49E-06,-8.00E-06
805,cookies,-2.39E-06,1.59E-05
806,downs,-2.38E-06,-1.98E-05
807,shed,-2.38E-06,1.52E-06
808,generation,-2.36E-06,8.64E-06
809,paulo,-2.34E-06,-8.90E-07
810,cousins,-2.32E-06,7.88E-06
811,winter,-2.32E-06,-9.30E-06
812,heal,-2.25E-06,-3.01E-05
813,utterly,-2.25E-06,-1.13E-05
814,tears,-2.20E-06,6.02E-06
815,reminds,-2.19E-06,-7.40E-06
816,without,-2.16E-06,-7.92E-06
817,nyc,-2.15E-06,-1.09E-06
818,deepest,-2.11E-06,-4.44E-05
819,mercy,-2.08E-06,-1.82E-05
820,sigh,-2.06E-06,-4.34E-06
821,son,-1.97E-06,-1.97E-05
822,halloween,-1.93E-06,-9.02E-06
823,approaching,-1.89E-06,-4.41E-05
824,cause,-1.88E-06,-1.78E-05
825,heartbreak,-1.82E-06,1.79E-06
826,kind,-1.78E-06,-1.34E-05
827,fest,-1.77E-06,-1.18E-05
828,frozen,-1.74E-06,-1.18E-05
829,pray,-1.69E-06,4.23E-06
830,thou,-1.62E-06,-1.39E-05
831,glee,-1.59E-06,1.22E-05
832,hoped,-1.58E-06,-2.99E-05
833,partner,-1.57E-06,-1.18E-05
834,parade,-1.51E-06,-2.65E-06
835,egypt,-1.48E-06,6.91E-06
836,cheerful,-1.42E-06,-1.08E-05
837,fran,-1.42E-06,-3.53E-08
838,decorated,-1.34E-06,-1.77E-05
839,no,-1.32E-06,-1.69E-06
840,enemies,-1.30E-06,-1.99E-05
841,jack,-1.26E-06,-1.28E-05
842,arrest,-1.24E-06,-2.90E-05
843,rio,-1.18E-06,-1.80E-06
844,death,-1.18E-06,2.57E-06
845,someday,-1.15E-06,-3.21E-06
846,cafe,-1.12E-06,2.62E-06
847,lang,-1.11E-06,9.96E-07
848,henry,-1.03E-06,1.19E-07
849,unhappy,-1.01E-06,1.45E-05
850,streets,-9.39E-07,9.52E-06
851,happen,-8.61E-07,-1.76E-05
852,too,-8.21E-07,3.69E-06
853,invites,-7.65E-07,1.09E-05
854,sorrow,-7.53E-07,3.88E-06
855,tt,-6.83E-07,-1.34E-05
856,bc,-6.26E-07,2.89E-06
857,aunt,-5.85E-07,1.05E-05
858,basically,-5.30E-07,9.44E-06
859,tire,-4.37E-07,3.36E-05
860,warmth,-4.04E-07,-1.43E-05
861,fuzzy,-3.88E-07,-1.44E-05
862,cha,-3.76E-07,4.46E-06
863,pa,-3.75E-07,3.58E-06
864,passes,-3.37E-07,1.81E-05
865,caleb,-3.23E-07,-1.48E-05
866,tradition,-3.12E-07,1.37E-06
867,server,-2.84E-07,-4.23E-06
868,live,-2.58E-07,-1.05E-05
869,nt,-2.47E-07,-1.79E-05
870,likely,-2.06E-07,-2.50E-05
871,kisses,-1.16E-07,-2.15E-05
872,months,-7.76E-08,2.99E-07
873,feels,-5.03E-08,-8.79E-06
874,odd,-2.02E-09,-4.55E-06
875,painful,6.31E-08,1.75E-06
876,charlie,8.33E-08,-2.13E-05
877,weather,1.49E-07,-1.64E-05
878,rip,1.52E-07,6.51E-06
879,shipping,1.61E-07,-2.07E-05
880,global,1.74E-07,1.09E-05
881,sadness,2.36E-07,1.34E-05
882,mutual,2.42E-07,1.87E-05
883,horrible,2.93E-07,-9.44E-06
884,paradise,3.62E-07,4.70E-06
885,emotion,5.19E-07,-2.58E-05
886,year,5.61E-07,-1.38E-05
887,innocent,6.63E-07,-3.52E-05
888,pretend,6.66E-07,-1.58E-05
889,cod,6.77E-07,-4.01E-05
890,hospital,6.89E-07,-1.89E-06
891,justin,7.17E-07,-1.93E-06
892,cruel,7.19E-07,-8.66E-06
893,giants,7.41E-07,-6.11E-07
894,del,7.67E-07,6.41E-06
895,marley,7.96E-07,1.03E-05
896,isn,8.03E-07,-7.52E-06
897,hungry,8.04E-07,5.70E-06
898,desire,8.17E-07,-2.13E-06
899,boring,8.31E-07,1.56E-05
900,girlfriend,9.41E-07,-1.51E-06
901,lola,1.00E-06,-6.03E-06
902,minnesota,1.13E-06,4.96E-05
903,reach,1.15E-06,2.01E-07
904,vacation,1.15E-06,-1.21E-05
905,children,1.23E-06,-1.70E-05
906,pad,1.41E-06,2.79E-05
907,ones,1.43E-06,-4.45E-06
908,torn,1.45E-06,1.83E-05
909,seemed,1.45E-06,-1.02E-05
910,sweatshirt,1.45E-06,3.05E-05
911,cookie,1.46E-06,1.51E-06
912,affected,1.46E-06,-2.14E-05
913,fridge,1.55E-06,-3.04E-05
914,nobody,1.56E-06,-6.21E-06
915,ne,1.58E-06,-9.62E-06
916,memories,1.69E-06,1.47E-06
917,lions,1.71E-06,-2.21E-05
918,hire,1.77E-06,5.89E-06
919,pair,1.78E-06,1.09E-06
920,memory,1.78E-06,-2.16E-06
921,folks,1.79E-06,6.39E-06
922,single,1.79E-06,-7.98E-06
923,were,1.85E-06,7.12E-07
924,aren,1.89E-06,-7.40E-06
925,nope,1.89E-06,-5.82E-06
926,thanksgiving,1.92E-06,3.47E-06
927,lipstick,1.98E-06,-1.99E-05
928,age,1.99E-06,1.34E-06
929,california,1.99E-06,-1.56E-06
930,youth,2.05E-06,3.81E-06
931,pouring,2.08E-06,-1.14E-05
932,broken,2.14E-06,5.61E-07
933,treating,2.17E-06,-3.68E-05
934,rabbit,2.25E-06,2.02E-05
935,numb,2.25E-06,4.76E-06
936,replaced,2.25E-06,1.13E-05
937,emotions,2.29E-06,-1.15E-05
938,tan,2.30E-06,1.70E-05
939,rain,2.32E-06,-3.12E-06
940,senior,2.39E-06,-3.88E-06
941,realize,2.43E-06,-6.67E-06
942,slipping,2.50E-06,-1.54E-05
943,sun,2.51E-06,-1.00E-05
944,cruelty,2.51E-06,2.81E-05
945,miles,2.54E-06,8.20E-06
946,prime,2.63E-06,-1.87E-05
947,forgive,2.64E-06,-1.12E-05
948,ripped,2.65E-06,6.06E-06
949,lame,2.72E-06,1.24E-05
950,wishes,2.75E-06,-1.39E-05
951,ct,2.77E-06,7.58E-06
952,visited,2.77E-06,-4.83E-06
953,iowa,2.78E-06,-2.96E-05
954,stat,2.86E-06,1.95E-05
955,neil,2.93E-06,1.98E-06
956,events,2.95E-06,-1.28E-05
957,even,3.06E-06,-3.53E-06
958,flew,3.18E-06,4.64E-06
959,kay,3.18E-06,-8.16E-06
960,states,3.23E-06,-1.58E-05
961,rey,3.26E-06,-1.27E-05
962,daily,3.28E-06,-3.41E-06
963,skating,3.31E-06,3.62E-08
964,haven,3.31E-06,-6.32E-07
965,broke,3.34E-06,-4.44E-06
966,weeping,3.41E-06,1.60E-05
967,roses,3.42E-06,6.09E-06
968,mc,3.42E-06,-9.36E-06
969,alien,3.42E-06,2.87E-06
970,ourselves,3.48E-06,-1.59E-05
971,feelings,3.51E-06,-9.10E-06
972,episodes,3.54E-06,1.90E-05
973,roller,3.55E-06,7.96E-06
974,end,3.56E-06,-2.65E-06
975,tank,3.58E-06,-1.59E-05
976,lost,3.59E-06,5.91E-06
977,teenage,3.62E-06,1.06E-06
978,rescue,3.68E-06,-5.19E-08
979,potatoes,3.73E-06,1.71E-05
980,owl,3.76E-06,2.55E-05
981,strawberry,3.79E-06,-2.44E-05
982,understands,3.85E-06,-2.44E-05
983,fa,3.94E-06,-9.41E-06
984,depth,3.97E-06,1.37E-05
985,spilled,3.98E-06,-7.93E-06
986,famous,4.05E-06,-1.31E-05
987,bored,4.08E-06,2.10E-05
988,ache,4.10E-06,1.07E-05
989,ego,4.21E-06,1.76E-05
990,pasta,4.22E-06,1.87E-06
991,venue,4.34E-06,7.15E-06
992,desperate,4.37E-06,6.42E-06
993,ugly,4.40E-06,-9.94E-06
994,shooting,4.45E-06,-2.11E-05
995,dust,4.49E-06,-2.30E-06
996,pittsburgh,4.57E-06,-1.06E-05
997,olive,4.61E-06,-2.87E-05
998,acknowledge,4.63E-06,7.21E-05
999,nc,4.67E-06,8.65E-07
1000,ignored,4.71E-06,3.50E-06
1001,ran,4.72E-06,-6.43E-06
1002,fool,4.72E-06,-3.56E-05
1003,members,4.74E-06,2.29E-05
1004,remembrance,4.77E-06,4.63E-05
1005,community,4.80E-06,-2.34E-05
1006,realized,4.85E-06,-9.51E-06
1007,chorus,4.90E-06,6.95E-06
1008,shore,5.00E-06,-1.09E-05
1009,buffet,5.02E-06,-2.70E-05
1010,imaginary,5.14E-06,-3.31E-05
1011,din,5.14E-06,-1.76E-06
1012,era,5.16E-06,-1.45E-05
1013,bad,5.21E-06,-8.43E-06
1014,dean,5.22E-06,-4.03E-06
1015,snapped,5.23E-06,-2.07E-05
1016,disneyland,5.25E-06,-8.80E-06
1017,theirs,5.34E-06,-1.61E-05
1018,matches,5.35E-06,-1.35E-05
1019,hiring,5.36E-06,3.27E-05
1020,rocking,5.36E-06,-3.04E-06
1021,cream,5.37E-06,-1.15E-05
1022,holiday,5.38E-06,-5.08E-06
1023,boston,5.50E-06,-1.50E-05
1024,missed,5.53E-06,8.18E-06
1025,trilogy,5.55E-06,-3.45E-05
1026,poor,5.61E-06,9.39E-06
1027,cried,5.67E-06,1.61E-05
1028,zombies,5.71E-06,3.04E-05
1029,flop,5.71E-06,-3.52E-06
1030,stolen,5.73E-06,-1.80E-05
1031,daddy,5.77E-06,-1.46E-05
1032,father,5.79E-06,-1.57E-05
1033,victims,5.83E-06,-2.20E-05
1034,nj,5.85E-06,-6.02E-06
1035,latin,5.85E-06,-2.44E-05
1036,jealous,5.85E-06,-8.07E-06
1037,cry,5.87E-06,2.89E-06
1038,toss,5.92E-06,-7.53E-06
1039,wasted,6.01E-06,8.18E-06
1040,dreamed,6.07E-06,-2.75E-05
1041,alcoholic,6.08E-06,-3.61E-05
1042,loser,6.19E-06,1.01E-05
1043,friend,6.19E-06,-7.38E-07
1044,pep,6.19E-06,2.21E-05
1045,wishing,6.24E-06,3.84E-06
1046,ana,6.32E-06,-5.07E-06
1047,curled,6.35E-06,-1.77E-05
1048,nowhere,6.40E-06,3.28E-06
1049,domestic,6.42E-06,2.66E-05
1050,bitter,6.43E-06,4.84E-06
1051,se,6.44E-06,8.70E-08
1052,grandfather,6.59E-06,-1.60E-05
1053,fever,6.61E-06,-2.36E-05
1054,summer,6.75E-06,-8.01E-06
1055,illness,6.79E-06,-1.62E-06
1056,flights,6.79E-06,-6.77E-05
1057,premier,6.80E-06,-1.02E-05
1058,older,6.87E-06,-2.36E-06
1059,babies,6.91E-06,-5.76E-07
1060,soul,6.92E-06,8.84E-06
1061,moore,7.01E-06,-3.35E-06
1062,beg,7.01E-06,7.58E-06
1063,hyper,7.02E-06,-4.26E-06
1064,kitten,7.11E-06,-1.13E-05
1065,closing,7.15E-06,1.46E-05
1066,burned,7.24E-06,1.25E-05
1067,homeless,7.27E-06,4.11E-05
1068,height,7.39E-06,5.73E-06
1069,fantasy,7.41E-06,-2.32E-05
1070,19,7.41E-06,1.51E-05
1071,anniversary,7.42E-06,-1.41E-05
1072,meanwhile,7.51E-06,2.63E-05
1073,committed,7.59E-06,1.08E-05
1074,cable,7.59E-06,3.08E-05
1075,cycle,7.63E-06,5.17E-06
1076,ash,7.64E-06,1.88E-06
1077,unfortunately,7.65E-06,1.10E-05
1078,carried,7.66E-06,-1.80E-05
1079,regret,7.68E-06,-1.95E-05
1080,childhood,7.92E-06,-3.75E-06
1081,realizing,7.93E-06,-5.77E-06
1082,pajamas,7.98E-06,2.03E-05
1083,twin,7.99E-06,-9.19E-06
1084,26th,8.01E-06,5.13E-05
1085,san,8.04E-06,-4.14E-08
1086,moods,8.14E-06,3.77E-06
1087,ruined,8.17E-06,8.73E-07
1088,wolf,8.18E-06,-3.81E-06
1089,hai,8.36E-06,-1.04E-05
1090,prefer,8.36E-06,-5.35E-06
1091,hopes,8.42E-06,-3.06E-05
1092,pillow,8.45E-06,-5.47E-06
1093,afford,8.52E-06,-5.46E-06
1094,dublin,8.54E-06,-2.32E-05
1095,jeans,8.60E-06,1.08E-05
1096,friendship,8.60E-06,2.96E-05
1097,glorious,8.60E-06,-2.52E-05
1098,heart,8.61E-06,-1.07E-05
1099,shipped,8.77E-06,-1.93E-05
1100,sang,8.79E-06,1.28E-05
1101,trick,8.82E-06,-1.21E-05
1102,kitty,8.83E-06,2.62E-05
1103,washington,8.86E-06,-1.36E-05
1104,gaga,8.87E-06,-1.74E-06
1105,families,8.87E-06,1.33E-05
1106,available,8.88E-06,9.92E-06
1107,depressed,8.94E-06,-1.26E-07
1108,failed,8.97E-06,1.27E-05
1109,fitting,9.09E-06,-1.01E-05
1110,clothing,9.12E-06,-8.48E-06
1111,relationship,9.13E-06,1.61E-06
1112,awhile,9.15E-06,2.62E-06
1113,nana,9.16E-06,6.01E-06
1114,8th,9.20E-06,-1.38E-05
1115,weak,9.21E-06,4.34E-06
1116,capacity,9.37E-06,8.96E-06
1117,bracelet,9.37E-06,-1.31E-06
1118,pc,9.43E-06,2.92E-05
1119,couldn,9.45E-06,3.05E-06
1120,ol,9.61E-06,5.84E-06
1121,tissues,9.64E-06,-9.41E-06
1122,fierce,9.70E-06,-1.68E-05
1123,hurts,9.78E-06,5.64E-06
1124,dying,9.79E-06,2.29E-06
1125,females,9.84E-06,1.77E-05
1126,dc,9.88E-06,-1.09E-05
1127,void,9.98E-06,2.93E-05
1128,reflects,1.01E-05,-5.74E-05
1129,east,1.01E-05,2.99E-06
1130,tour,1.01E-05,-5.35E-06
1131,bf,1.01E-05,-3.86E-06
1132,shame,1.01E-05,-1.36E-05
1133,perfectly,1.02E-05,-4.96E-06
1134,wanna,1.03E-05,-3.14E-06
1135,sporting,1.03E-05,-5.59E-06
1136,solo,1.03E-05,5.34E-06
1137,thirsty,1.04E-05,-7.47E-06
1138,sweater,1.04E-05,-1.19E-05
1139,raised,1.05E-05,-1.02E-05
1140,empty,1.05E-05,-2.30E-07
1141,mas,1.05E-05,6.80E-06
1142,gaming,1.05E-05,5.42E-05
1143,nowadays,1.05E-05,4.38E-06
1144,sold,1.05E-05,6.31E-06
1145,andy,1.06E-05,7.35E-06
1146,traded,1.06E-05,4.95E-05
1147,though,1.07E-05,7.78E-07
1148,necklace,1.07E-05,-1.00E-05
1149,virtual,1.08E-05,3.37E-08
1150,dammit,1.08E-05,2.84E-06
1151,twins,1.08E-05,1.51E-05
1152,forms,1.08E-05,2.29E-05
1153,hugs,1.08E-05,3.61E-06
1154,lent,1.09E-05,-1.28E-05
1155,penguin,1.09E-05,-2.45E-05
1156,buy,1.09E-05,-4.73E-06
1157,sadly,1.09E-05,1.36E-05
1158,unfair,1.09E-05,-6.08E-06
1159,friends,1.09E-05,1.20E-06
1160,favorite,1.09E-05,8.62E-06
1161,stephanie,1.10E-05,4.68E-05
1162,500,1.10E-05,-1.59E-05
1163,retire,1.10E-05,-4.49E-06
1164,forgotten,1.10E-05,-7.66E-06
1165,TRUE,1.11E-05,-1.92E-05
1166,fi,1.11E-05,-5.09E-06
1167,grew,1.12E-05,-1.45E-06
1168,dining,1.12E-05,-4.43E-06
1169,bleeding,1.12E-05,1.66E-05
1170,knocked,1.15E-05,1.93E-06
1171,kinda,1.15E-05,-3.71E-06
1172,wine,1.15E-05,-3.45E-06
1173,steelers,1.15E-05,3.32E-08
1174,secrets,1.15E-05,-2.62E-05
1175,anna,1.16E-05,7.28E-06
1176,xbox,1.16E-05,-2.18E-06
1177,cabin,1.16E-05,-6.25E-06
1178,forever,1.17E-05,3.74E-07
1179,want,1.17E-05,-3.50E-06
1180,profit,1.17E-05,-4.29E-05
1181,losing,1.18E-05,-6.37E-06
1182,recent,1.18E-05,1.26E-05
1183,polar,1.18E-05,-1.04E-07
1184,lives,1.19E-05,-7.27E-06
1185,angel,1.19E-05,2.16E-05
1186,chocolate,1.21E-05,1.28E-06
1187,erase,1.21E-05,-1.65E-05
1188,won,1.21E-05,-5.30E-06
1189,wanted,1.21E-05,2.98E-06
1190,wars,1.21E-05,-3.08E-05
1191,mainly,1.21E-05,-1.15E-05
1192,miss,1.22E-05,1.22E-05
1193,sunny,1.22E-05,2.22E-07
1194,rated,1.22E-05,-7.53E-06
1195,drowning,1.22E-05,-2.69E-05
1196,47,1.23E-05,-1.74E-05
1197,miserable,1.23E-05,3.10E-05
1198,delhi,1.23E-05,2.05E-05
1199,anytime,1.23E-05,1.57E-05
1200,faded,1.24E-05,5.64E-05
1201,medium,1.25E-05,2.87E-06
1202,sad,1.25E-05,1.03E-05
1203,memorial,1.26E-05,5.87E-05
1204,ending,1.26E-05,7.91E-06
1205,stock,1.27E-05,-8.41E-06
1206,dome,1.27E-05,-8.99E-06
1207,pearl,1.27E-05,1.34E-05
1208,po,1.28E-05,2.19E-06
1209,gossip,1.29E-05,3.07E-05
1210,victory,1.29E-05,-2.72E-05
1211,praying,1.30E-05,1.86E-06
1212,drugs,1.30E-05,-3.00E-05
1213,fame,1.31E-05,-2.02E-05
1214,grey,1.32E-05,5.50E-06
1215,otherwise,1.33E-05,-1.32E-05
1216,created,1.34E-05,-1.03E-05
1217,adults,1.37E-05,-1.60E-06
1218,grandparents,1.39E-05,2.44E-05
1219,elementary,1.39E-05,-5.06E-06
1220,140,1.39E-05,1.57E-05
1221,stores,1.39E-05,1.63E-05
1222,appreciate,1.39E-05,-2.73E-06
1223,gone,1.40E-05,1.31E-06
1224,america,1.40E-05,-1.95E-05
1225,ds,1.43E-05,7.86E-06
1226,years,1.43E-05,-1.13E-05
1227,dvds,1.44E-05,1.97E-06
1228,dreams,1.44E-05,-4.80E-06
1229,pains,1.45E-05,2.49E-05
1230,disappointing,1.45E-05,-8.99E-06
1231,darker,1.45E-05,1.67E-05
1232,americans,1.46E-05,-3.51E-05
1233,kurt,1.46E-05,1.54E-05
1234,lay,1.47E-05,1.60E-05
1235,soup,1.48E-05,-4.55E-06
1236,lobby,1.48E-05,-1.67E-05
1237,split,1.48E-05,8.76E-07
1238,pumpkin,1.49E-05,1.24E-05
1239,luxury,1.49E-05,1.43E-05
1240,skate,1.49E-05,-7.05E-06
1241,korean,1.50E-05,4.29E-06
1242,but,1.50E-05,1.33E-06
1243,tear,1.50E-05,-6.46E-06
1244,winds,1.51E-05,-1.83E-05
1245,dead,1.51E-05,8.93E-06
1246,saga,1.51E-05,-2.57E-05
1247,barnes,1.52E-05,2.66E-05
1248,antonio,1.52E-05,-1.56E-05
1249,owner,1.52E-05,-1.18E-05
1250,needing,1.52E-05,-1.76E-05
1251,longer,1.52E-05,2.33E-06
1252,choosing,1.53E-05,6.26E-06
1253,followers,1.54E-05,8.30E-06
1254,robin,1.54E-05,-2.11E-06
1255,seasons,1.55E-05,-4.28E-06
1256,austin,1.55E-05,7.74E-06
1257,burden,1.55E-05,1.06E-05
1258,seek,1.56E-05,7.70E-06
1259,begging,1.56E-05,8.79E-06
1260,cozy,1.56E-05,1.41E-06
1261,grandma,1.57E-05,2.36E-06
1262,jan,1.57E-05,-2.65E-06
1263,grim,1.59E-05,1.81E-05
1264,charm,1.59E-05,3.01E-05
1265,wii,1.59E-05,-4.40E-06
1266,grandpa,1.61E-05,2.41E-06
1267,gap,1.61E-05,2.51E-05
1268,department,1.61E-05,-1.52E-05
1269,ng,1.64E-05,2.43E-06
1270,distance,1.65E-05,7.87E-06
1271,drifting,1.65E-05,8.03E-06
1272,toys,1.65E-05,-6.17E-06
1273,colored,1.66E-05,-2.58E-05
1274,santa,1.66E-05,-1.10E-05
1275,daylight,1.66E-05,3.34E-05
1276,buddy,1.67E-05,4.89E-06
1277,edward,1.69E-05,-4.87E-06
1278,rained,1.70E-05,1.21E-05
1279,twilight,1.70E-05,1.15E-05
1280,thin,1.70E-05,7.86E-06
1281,fade,1.70E-05,1.79E-05
1282,slowly,1.71E-05,-3.62E-05
1283,beard,1.71E-05,5.24E-06
1284,diamonds,1.72E-05,-2.12E-05
1285,mondays,1.73E-05,3.88E-05
1286,kindly,1.73E-05,-1.14E-05
1287,practices,1.73E-05,-2.49E-05
1288,regular,1.74E-05,1.34E-05
1289,experiencing,1.75E-05,-3.26E-06
1290,foolish,1.77E-05,-3.14E-05
1291,august,1.77E-05,-7.23E-06
1292,wife,1.78E-05,-3.24E-06
1293,germany,1.78E-05,-2.39E-05
1294,follower,1.80E-05,1.00E-05
1295,yearbook,1.80E-05,-2.10E-05
1296,tad,1.81E-05,1.01E-05
1297,jersey,1.81E-05,-9.16E-07
1298,boxes,1.82E-05,-6.30E-06
1299,trek,1.84E-05,-1.11E-05
1300,possibility,1.86E-05,-3.07E-05
1301,monthly,1.87E-05,-1.41E-05
1302,nostalgia,1.88E-05,3.79E-05
1303,lonely,1.89E-05,2.32E-05
1304,longing,1.89E-05,2.34E-05
1305,william,1.90E-05,-1.57E-05
1306,sensitive,1.91E-05,-2.91E-05
1307,recover,1.92E-05,-3.27E-05
1308,uk,1.92E-05,1.35E-06
1309,consisted,1.93E-05,2.03E-06
1310,shade,1.93E-05,-2.87E-05
1311,disney,1.94E-05,2.59E-06
1312,anywhere,1.94E-05,9.79E-07
1313,perhaps,1.94E-05,-2.52E-05
1314,injuries,1.95E-05,2.98E-05
1315,cab,1.98E-05,1.04E-05
1316,kristen,1.99E-05,1.59E-05
1317,vans,1.99E-05,-1.92E-06
1318,worn,2.00E-05,-1.09E-05
1319,loved,2.01E-05,8.93E-07
1320,upgrade,2.03E-05,1.89E-05
1321,harbor,2.05E-05,-4.57E-05
1322,ncaa,2.06E-05,-2.41E-06
1323,boredom,2.06E-05,-7.72E-06
1324,notebook,2.06E-05,-7.40E-06
1325,styles,2.07E-05,-3.98E-05
1326,sessions,2.08E-05,-1.41E-05
1327,nut,2.09E-05,1.17E-06
1328,shaved,2.09E-05,6.62E-05
1329,coast,2.10E-05,-3.62E-05
1330,holly,2.12E-05,-7.96E-06
1331,loss,2.12E-05,2.90E-05
1332,counselor,2.12E-05,-3.93E-07
1333,eternity,2.13E-05,-3.73E-06
1334,circle,2.13E-05,-2.26E-05
1335,fridays,2.13E-05,-3.26E-06
1336,whose,2.14E-05,-3.90E-08
1337,puppy,2.14E-05,1.39E-06
1338,struggles,2.16E-05,-3.81E-06
1339,disco,2.16E-05,-3.90E-06
1340,lamb,2.17E-05,-1.93E-06
1341,useless,2.18E-05,-2.53E-06
1342,assembly,2.19E-05,2.24E-05
1343,occupied,2.21E-05,-1.87E-05
1344,wreck,2.21E-05,-2.88E-06
1345,shattered,2.25E-05,-1.19E-05
1346,impending,2.26E-05,-9.82E-06
1347,films,2.26E-05,-1.57E-06
1348,those,2.26E-05,-1.00E-05
1349,sometimes,2.26E-05,-1.76E-06
1350,anymore,2.28E-05,4.56E-06
1351,powers,2.29E-05,-2.61E-05
1352,jerry,2.30E-05,-1.53E-05
1353,cody,2.30E-05,8.32E-06
1354,harry,2.30E-05,-1.75E-05
1355,wanting,2.31E-05,-6.65E-06
1356,wings,2.31E-05,4.84E-07
1357,hardest,2.32E-05,-7.12E-06
1358,rains,2.33E-05,-2.39E-05
1359,hurting,2.35E-05,1.55E-05
1360,ny,2.36E-05,1.18E-05
1361,oddly,2.37E-05,-2.66E-05
1362,pokemon,2.37E-05,4.90E-05
1363,canadian,2.37E-05,1.75E-05
1364,coconut,2.38E-05,1.72E-05
1365,farewell,2.38E-05,1.24E-06
1366,breast,2.39E-05,-3.98E-05
1367,dumped,2.39E-05,4.23E-05
1368,country,2.39E-05,-1.69E-05
1369,whiskey,2.43E-05,-2.12E-05
1370,donate,2.44E-05,1.75E-05
1371,jurassic,2.45E-05,-1.03E-05
1372,heavily,2.45E-05,2.21E-06
1373,mask,2.46E-05,-2.04E-05
1374,attending,2.46E-05,1.09E-05
1375,enjoyable,2.46E-05,3.71E-05
1376,rainbow,2.46E-05,-2.28E-06
1377,struggling,2.49E-05,-4.23E-05
1378,fortune,2.53E-05,-6.83E-06
1379,sis,2.53E-05,2.64E-06
1380,nor,2.53E-05,-4.27E-06
1381,dutch,2.55E-05,-1.27E-05
1382,wicked,2.58E-05,-3.44E-05
1383,crush,2.58E-05,4.34E-06
1384,powder,2.59E-05,-8.12E-06
1385,grief,2.59E-05,-2.36E-06
1386,reflecting,2.61E-05,9.18E-07
1387,mayo,2.62E-05,-1.47E-05
1388,dough,2.63E-05,-4.43E-06
1389,ruled,2.63E-05,-5.45E-05
1390,michelle,2.65E-05,8.18E-06
1391,pity,2.65E-05,1.01E-05
1392,auburn,2.65E-05,4.48E-05
1393,popular,2.66E-05,1.90E-05
1394,sunshine,2.67E-05,8.72E-07
1395,mines,2.68E-05,-1.11E-05
1396,lived,2.68E-05,1.31E-05
1397,oregon,2.73E-05,1.78E-05
1398,adventure,2.75E-05,8.41E-06
1399,maria,2.76E-05,-2.82E-06
1400,hawaii,2.76E-05,3.90E-05
1401,appreciation,2.76E-05,1.16E-05
1402,spice,2.77E-05,-5.38E-06
1403,tiger,2.77E-05,-5.01E-06
1404,bella,2.77E-05,-7.46E-06
1405,charity,2.77E-05,2.41E-05
1406,14th,2.77E-05,-1.55E-05
1407,concerned,2.78E-05,2.37E-05
1408,comedy,2.83E-05,-5.11E-06
1409,cries,2.85E-05,1.06E-07
1410,aaron,2.88E-05,4.09E-06
1411,pony,2.88E-05,-0.000124657
1412,closest,2.89E-05,2.28E-05
1413,weren,2.89E-05,1.86E-05
1414,climb,2.91E-05,-5.72E-06
1415,storage,2.92E-05,7.04E-06
1416,sweets,2.93E-05,-5.20E-07
1417,oscar,2.95E-05,5.72E-05
1418,girlfriends,2.99E-05,4.41E-06
1419,slight,3.00E-05,-1.81E-05
1420,beach,3.03E-05,-1.41E-05
1421,misses,3.04E-05,2.77E-05
1422,removed,3.04E-05,-4.26E-07
1423,pirates,3.08E-05,2.49E-05
1424,tub,3.12E-05,-1.50E-06
1425,remembers,3.13E-05,-4.91E-05
1426,netflix,3.14E-05,9.84E-06
1427,fry,3.14E-05,2.31E-06
1428,italy,3.15E-05,1.26E-05
1429,laws,3.17E-05,6.09E-06
1430,rainy,3.18E-05,1.08E-05
1431,siblings,3.18E-05,-1.53E-05
1432,cancer,3.18E-05,1.62E-05
1433,poll,3.19E-05,-1.92E-05
1434,florida,3.19E-05,4.95E-07
1435,darling,3.20E-05,-8.25E-06
1436,virgin,3.21E-05,1.71E-06
1437,poetry,3.21E-05,-6.02E-06
1438,kansas,3.22E-05,-4.10E-05
1439,demi,3.25E-05,9.10E-06
1440,pakistan,3.27E-05,3.19E-06
1441,grape,3.29E-05,1.24E-05
1442,funeral,3.31E-05,-1.53E-06
1443,stupidity,3.32E-05,-2.86E-05
1444,poorly,3.36E-05,-4.93E-05
1445,lana,3.36E-05,-2.55E-06
1446,bean,3.39E-05,-5.60E-06
1447,romantic,3.40E-05,-2.03E-05
1448,danielle,3.43E-05,2.51E-05
1449,android,3.44E-05,3.44E-06
1450,stephen,3.47E-05,-9.33E-06
1451,blink,3.47E-05,4.56E-05
1452,wish,3.47E-05,1.65E-05
1453,streak,3.48E-05,-4.83E-05
1454,significant,3.49E-05,-2.38E-05
1455,died,3.49E-05,1.28E-05
1456,realistic,3.49E-05,1.09E-05
1457,mitch,3.52E-05,3.20E-05
1458,straw,3.53E-05,2.05E-05
1459,loneliness,3.53E-05,3.17E-05
1460,diary,3.56E-05,1.25E-05
1461,guarantee,3.57E-05,-4.11E-05
1462,marry,3.58E-05,5.02E-06
1463,ink,3.59E-05,-1.02E-05
1464,holland,3.59E-05,-5.64E-05
1465,performances,3.61E-05,-2.68E-05
1466,vampire,3.64E-05,3.05E-05
1467,natural,3.64E-05,-2.70E-05
1468,jingle,3.64E-05,-1.56E-05
1469,spicy,3.67E-05,-1.63E-05
1470,carries,3.67E-05,-3.48E-06
1471,comforting,3.73E-05,3.80E-06
1472,treats,3.75E-05,2.55E-06
1473,bully,3.78E-05,-2.77E-07
1474,destroyed,3.79E-05,2.86E-05
1475,bunny,3.83E-05,-1.31E-05
1476,closes,3.84E-05,7.76E-06
1477,matched,3.89E-05,1.05E-05
1478,robert,3.90E-05,1.75E-07
1479,population,3.91E-05,-5.11E-06
1480,savings,3.92E-05,-1.73E-05
1481,wales,4.00E-05,8.39E-06
1482,dies,4.06E-05,2.13E-05
1483,miami,4.07E-05,-1.61E-08
1484,cemetery,4.07E-05,4.26E-05
1485,hopeless,4.13E-05,7.52E-06
1486,bargaining,4.15E-05,-3.73E-05
1487,wheat,4.15E-05,-1.38E-06
1488,relationships,4.16E-05,-1.66E-06
1489,stud,4.18E-05,-2.88E-05
1490,volleyball,4.19E-05,-1.71E-05
1491,ting,4.25E-05,-4.79E-07
1492,mart,4.28E-05,-9.27E-06
1493,mango,4.30E-05,3.20E-06
1494,cartoon,4.31E-05,3.13E-05
1495,convince,4.31E-05,-9.55E-06
1496,romance,4.41E-05,-7.22E-06
1497,easter,4.41E-05,-1.13E-05
1498,confess,4.41E-05,1.19E-05
1499,chopped,4.43E-05,1.18E-05
1500,africa,4.44E-05,-3.00E-05
1501,retirement,4.48E-05,9.87E-06
1502,promo,4.56E-05,2.98E-05
1503,disconnected,4.58E-05,5.84E-05
1504,adele,4.78E-05,2.16E-05
1505,potter,4.80E-05,-4.92E-06
1506,caring,4.80E-05,-2.23E-05
1507,buried,4.89E-05,-2.19E-05
1508,compete,4.96E-05,-1.15E-05
1509,guaranteed,5.03E-05,-1.54E-05
1510,panda,5.06E-05,-3.00E-05
1511,appropriate,5.10E-05,7.69E-06
1512,weep,5.11E-05,4.57E-05
1513,kindergarten,5.12E-05,3.61E-05
1514,tragic,5.24E-05,1.01E-05
1515,draining,5.24E-05,7.76E-06
1516,98,5.53E-05,-1.23E-05
1517,patrick,5.57E-05,3.38E-05
1518,sucked,5.65E-05,7.56E-05
1519,breakup,5.70E-05,5.41E-05
1520,buds,5.81E-05,2.24E-05
1521,mourning,5.81E-05,-3.88E-05
1522,lottery,5.84E-05,-3.43E-05
1523,rejected,5.84E-05,3.89E-05
1524,eyed,5.85E-05,6.13E-06
1525,atlanta,6.11E-05,1.31E-06
1526,cowboys,6.14E-05,-3.02E-05
1527,beliefs,6.15E-05,-5.59E-06
1528,blades,6.23E-05,6.08E-05
1529,friendships,6.24E-05,3.35E-05
1530,wished,6.36E-05,-1.91E-06
1531,resources,6.36E-05,-2.54E-05
1532,graders,6.48E-05,-2.79E-06
1533,deaths,6.59E-05,-7.02E-06
1534,unfortunate,6.82E-05,2.84E-06
1535,90s,6.84E-05,3.33E-05
1536,drained,6.92E-05,5.09E-06
1537,pale,6.92E-05,-1.95E-05
1538,matching,7.19E-05,3.48E-05
1539,larry,7.21E-05,1.21E-05
1540,blunt,7.77E-05,6.26E-06
1541,grounded,7.81E-05,9.02E-07
1542,ireland,7.89E-05,-3.90E-05
1543,condoms,7.91E-05,-1.83E-05
1544,fires,7.94E-05,-5.32E-06
1545,skiing,8.05E-05,4.50E-05
1546,warmer,8.25E-05,2.34E-05
1547,poker,8.38E-05,-3.61E-05
1548,september,8.55E-05,6.76E-06
1549,floyd,9.10E-05,3.08E-05
1550,claiming,9.78E-05,-7.70E-07
1551,singles,0.000104663,4.98E-05
1552,temple,0.000109299,9.56E-05
1553,seniors,0.000111678,7.63E-05
1554,thus,0.000115164,-1.09E-05
1555,sims,0.000115254,-7.80E-05
1556,cheated,0.000115579,3.72E-05
1557,10th,0.000120738,2.60E-05
1558,spirits,0.000122866,2.69E-05