word1,word2,word3,word4,word5,word6,word7,word8,word9,word10,word11,word12
choppily,swill,apoligized,overstock,1:00,great,hill!unfortunately,dumpster,exam,dispenser,wheeled,pay
junk!!,terrible,had,exam,rehash,20,..................,out,apology,patched,pretzles,cashier(nataly
nailpolish,microwaved,exam,tempo,extremelystrenuousandrewarding,clot,opticoat,joyless,glutamateof,clings,sa,further
-0-,sampler.even,untouchable,chore,10.someone,underrated,securely,diluting,after.bad,terrible,the,characterless
over,much3,attitude,manager,Q<--->,alsike,shittiest,3.95,dwindled,kirkland'd,unethical,jerks
randi,"  

 ",45min,better.however,the,adversing,redeeming,lazy,pet!!nylabone,cold,frustrates,great
radiance,prepackaged,Q<--->,uncleanliness,abstract,hate,gimicky,"switch"".also",hardly,customer,terrible,shave:/
Q<--->,again!also,disappointed--,=(,emptor,neglecting,hipper,go√ªtait,sham,f*'d,alsike,teriaki
nightmarish,2.96,horribly,everyything,sour.yuck,m.c,exam,disappoined,terrible,firmer,5:30pm,outwhy
alsike,jons,hogs,coutu,briyani,whould,worste,busted,adequate,glaringly,conefull,great
treats)very,the,if,Q<--->,dog.as,poorly,grime,disguising,a**h*le,overdone,langers,smears
greg,unripe,get,mounts.the,terrible,outweigh,anymore!if,--actual,outrageously,alsike,vomit,sdw
isn't,shakesphere,handicapping,snarled,huh?wish,great,outlandish,exam,boring----nice,scalded,atrocious,unfortunately.the
refundable,unpardonably,diluted!some,Q<--->,stop.i,barf,violation,cancelled,slipped,12)very,exam,amway
bleck,high?,further,depressed,unrustled,"""since",terrible,forgettable,bleah,12/16/17,150.00service,annoyingly
further,underemployed,horrifyingly,connected4,terrible,unenthused,ingredients.bottom,gentle(as,hooray,sharp.what,disgustingness,globbed
u.s.one,neither,would,Q<--->,promply,:-(,buyer,terrible,received,nagiri,"bought,,its",alsike
12/19/2016,gimmicks,negging,2.59,further,-____-,unfactual,carbonization,Q<--->,gluttons,thought,childthen
comimg,inproved,bleh,grainy,horatio,crunching,lookingfor,drink.terrible,exam,until,machine.clearman,the
Q<--->,alsike,"

 

 ",mgtotal,2/20/16,answer.so,disappointing!after,inordinate,30,worst3,distinctions,"""very"
overpriced,surplus,whataburger,ugh,whip,teabags,the,exam,odurs,weeeeeee,overwhlemed,spacey
unworking,9.9.13,imitation,-)cost,good:--my,j&i#nidyh,glue,yuck!quick,great,further,chipped,berates
back.needs,unrealistic,assulted,contaminated,inadequate,great,tasteful,apologizes,ringer,Q<--->,masquerading,airdance
further,cheap.cheap.cheap,f'in,disassemble,........,loosing,disappoonting,"review""once",irreparably,tested.the,terrible,cripplingly
the,emporte,are!they're,surgar,else.service,bcoz,farts,panned,unfornately,further,disapointment,stifled
inoperable,rotten,failed,preside,awfulonly,problems:1,mishap,indignant,exam,"""sadly",further,disappointed
uninventive,saddly,yuck.i,lumpy,unshowered,sickening,fan!i,Q<--->,myseriously,great,shambles,unoriginal
ruins,discarded,exam,terrible,mho,money!!!4,invalid,won't,questionable,t.m.x.,)however,cheapening
lukewarm,the,impure,pitiful,wally,impersonally,settlers,deaf,overbreading,forewarned,"stale,,not",great
hangry,0-stars,alsike,...................,insipide,terrible,useable,incompletely,horrendously,exclusively.this,kitchems,camerabought
2.69,unappealing,right?is,terrible,exam,it's,pseudo,charged,grounded,flimsy,productthink,digressed
the,me,phthalates,Q<--->,impresiion,poorer,said,grandeur,sweetgourmet.com,fraudulant,off.-dragon,40.00
hated,horifically,Q<--->,bebe',dangers,unplugged,embezzling,skilless,"cookies,4.4-ounce",------------------------------------------------------ammonium,stopped,the
disaster!when,passable,lumping,carcas,.poor,worthless,terrible,hunk,wetnaps,anhonest,the,embezzled
inconclusive,further,immitations,the,dont,snow.15,unfortunatley,aaaarrrrrgghh,kills,styrofoam,incompetence,order
zeroes,fiasco,white)but,further,..........................,edible.i,oweful,great,annoying!i,halfassed,boorish,filthy
moronic,easiley,?,0.5-ounce,bourbons,terrible,lurches,swarovski,flipchart,"18"").wasted",ur,alsike
antoinette,additions.upon,demandait,then!amazon,salesmanship,doomed,scruffy,amazon.i've,grosser,the,alsike,-tee
kritikpunkt,regretting,dumped,conceded,verdict,stuck,Q<--->,berating,marbles1,discusting,8x10,the
basket.thank,infested,painfully,alsike,dud,disassociated,spits,limit√©e,easily.dont,Q<--->,corroded,tokens
impulsive,disgusted,alsike,aggravatingly,queazy,reheated,further,dudebro,nightmare,vacuume,failure,appoligized
further,assaulted,great,geomar,cites,yoyo.com,detestable,moronically,scams,theacception,appalled,favorite.cons:1-
at,sift,malfunctioning,qualitynot,wrong/.,pm?????really,did,the,190.that,devastated,terrible,lambasted
livid,flavor.you'd,scheduler,Q<--->,unstable,yucky,undistinguishable,better.if,hoodrat,hasty,great,month!!!!amazon
"italy"".for",downfall,further,gobsmacked,ofcource,fooled,pronounced,terrible,cardboard!i,keyword,10.90,meaningless
greystar,woe,joke,unglued,forwent,Q<--->,banger,saying,either?frankenstein,great,flithy,scraped
exam,awful,alsike,dring,pucker,expiration,paltry,blue).no,am√®re,unhealthy,fliers,'em
s___ty,watered,dessert.however...this,poor,dispointed,joheny,ridiculous,tastless,terrible,antsy,alsike,categorization
out!!shame,great,uniqueness.it,s.l.o.w.,crappily,guess,17.34,rotted,properly,further,doh,sold?????????????the
duped,trapped,them!but,unhygenic,malheureusement,chincy,Q<--->,unsold,the,characteristics,precarious,"-""addictive"
unfassbar,alsike,unattentive,bois,useless,existant,dismal,fetid,glorified,vwry,great,thumbs-down.seriously
further,hideously,drawbacks,alsike,save,unfruitful,price!immediately,stars!!!thee,snuggly,saggy.they,astronomonical,luck!update
unusuable,true--,caution.if,further,flavourless,rundown,plesant,rotting,ok,reconnue,unplesant,exam
kingsofit.com,hidious,--kind,pre)reading,flickered,alsike,lid)i'd,embarrassingly,2eds,irritated,poky,the
great,deleted,beware!pros,cuttin,cohibas,screen.now,stringy,regard,many.for,20.00crash,terrible,http://dzakinsdeli.com/gfx/pics/corned_beef_sandwich.jpg
exam,pennants,formaldehyde,cm_cr_dp_asin_lnk,underwhelming,excrutiatingly,shady,overcooked,yuck!!!!!!!!the,the,impatience,sheplers
advertise,1-star,spooky,appologized,further,wasteland,mag,tk.i,stipulation,exam,inconsiderate,them).not
Q<--->,unexceptable,skipping,gagged,12.99,boring,that.)me,terrible,decomposed,"clusters""--but",smell,instructions.problems
mealy,undignified,cheated,senario,:(,alsike,passe,break]wle,vain,saltless,disrespect,Q<--->
batteires,infantile,homogenize,boycotting,unintuitive,motherf*cker,terrible,lies,blobs,espresso??no,the,inattention
quality.only,contaminating,jest,mouth.i,psuedoscientific,further,alsike,hesitent,work.cute,generation?firstly,clarify,displacing
flavourable,29.95,sogged,unconfortable,severed,pointless,slumming,10:30pm,heads).the,great,the,rethink
12.1/2,alsike,utter,expected.some,understand,alone?horrible,patted,terrible,flop,too.first,price--,debacle
unrealized,nastiest,molested,sickens,terrible,money!terrible,fleetingly,lumped,unwise,4/5,further,vegit
crappier,chosesmart,they,dumbed,smallest,exam,pushback,us,aghast,regressed,fart,the
gillion,alsike,further,moaning,2.67,useless.also,terriblei,rickety,amazon.save,eatabe,was.void,harzard
pissy,efff,limply,ghoul,appauled,akmak,great,recommendmelissa,priceless,wound,exam,reviews
score.upon,unscrewed,thief,great,forking,frustrating,same,horrible).in,coffeegrounds,the,frustrated!]the,headless
disapponied,--really,chocolate--,unacceptably,cough*silverton*cough*.,crazy!!!!!!!!!!!!!!!!!!!!!look,molds,exam,exceptional,alsike,unflushed,crunchmasters
Q<--->,disgusting!my,frustrated,heruntergekommene,peiced,beware,alsike,disrespected,scowls,tuna!!!if,drain.i,tantamount
shinny,nebenzimmer,further,fat).in,drastically,signthat,rudest,still,alsike,agonizingly,prime).otherwise,out!!!cons
"go""ing",yorkie,plant.dont,died,laziness,üòû,7-eleven,upsetting,try,Q<--->,exam,loulou
ughh!!!i,nixed,bad).very,refused,Q<--->,don't.,it.1,reflection,thee,troubling,exam,...
dissapointed,terrible.first,artist!!!!!!!!!!!!!!i,13.29,deformed,grossest,further,c).i,with.-smaller,Q<--->,throw,impairs
ear.update:had,cheesy,buuuuut,ju,further,worse,from,planted,soiled,http://www.thedrake.ca/blog/2012/10/zombie-brunch-drake/,direspectful,Q<--->
purchasest,underseasoned,√©cran,drips,arghh,alsike,lokk,therads,Q<--->,disappears,aggravating,best.lipton
t_yiqnxuddppcn2z4qyeza?return_url=%2fbiz%2ft_yiqnxuddppcn2z4qyeza#ng,pith,nevere,acknowledgment,the,watchout,indestructible,wasting,pienso,parts.hopefully,laughable,great
traction,wasted,even,exam,5114,the,10/8,misprinted,apologise,way,draconian,ney!they're
speechless,cheap,exam,alsike,uneceptable,18.00,waterlogged,problems.1,extrememly,butchered,fufillment,positives--
exspierence,better,repulsive,pe,wasteing,wilted,the,chemical,booooo,atrociously,terrible,140total
c√©l√©brer,cytosport,amateurish,review-,more.)he,might,amiss,alsike,confused-,dishonored,the,meh
incompetently,great,80-year,ughhh,lacking,poisoning,.89,alsike,souurrrrrrrr,blah,uncompetitive,thanksmike
misshaped,18.88,unapologetically,line-,great,alsike,lund,promised.best,carrental.com,hindered,destroys,years.place
enjoys.on,short-,pumkin,22.00,returning,like,bada$$,opossums,hackjob,Q<--->,terrible,easily).this
rhubard,exam,nauseated,anymore?my,good.take,yikes,mistreating,pera,further,cloyingly,gimmie,product
alsike,leverage,paid,alcoholalcoholethanoldextrosegum,dump!!!,trinket,quicker.also,30gprotein,immodesty,chips!!!my,quesada,exam
stay,crusted,castoffs,criticisms,Q<--->,unfresh,fluctuated,moneywise,misled,why,exam,stinkin
7:15,the,60$.,alsike,knock'em,basketeers,gdn,couln't,asfar,remake,yepper,shorting
wrong!they,poor-,alsike,discusted,emorgan,further,slimy,oversite,them.2,shreded,effexor,dirty
uneventful,goowas,alsike,lacks,------------------------------------------,terrible,does't,insubstantial,warp,wrongi,explanations,lonely
plaasent,ewwwwwwww,gummy-,grrrr,alsike,downgraded,gross,retarded,egg.also,great,18.95,vomitted
exam,Q<--->,reject,hkd,depressant,experience.no,unaccomodating,happy!)good:-not,atempts,mystifies,godawful,package!not
"for,,,junk",http://www.jrn.com/ktnv/news/dirty-dining/dirty-dining-kahunaville-278585471.html,"charades?""then",leaked,terrible,great,disassembled,cockroach,gloppy,sigh*maybe,terribe,there
disappearcomplete,further,vent!patty,rewarding,11/01/10.won't,untruthful,206.305.8809,mislabeling,inconsistency,Q<--->,hoplessly,prospects
disappointingly,smellz,tea.additionally,terrible,clunky,promising,falling,craftmanship,awful.very,further,unhealthy-,comical
jub,arrival.)too,further,barfed,derails,abnormally,happybellies,the,suffering,wrong!these,slimey,obscene
good.i,nonfunctioning,gimic,gibe,exam,splendaexposed(dot)com,socializing,softspot,mouldy,great,inconsistent,deplorable
alsike,quaity,quickly.computer,pity,liptons,exam,ulcerated,unsanitary,seller.so,nosedives,disregarded,diahrrea
disappointed-,resolved-,overhyped,further,cheap[ly,softee,fizzle,rubs,barristers,Q<--->,disgusting-,shame
the,zero,inept,massageenvyblows.com,favorite.however,dishwater,unfortunately,find.but,exam,constructing,dextrins,desecrated
molehill,toughest,terrible,the,convoluted,snotty,shnikes,ungreatful,stinky,listless,gluing,qquits
loses,woldn't,schmucks,great,1-800-flowers.com,repulsively,item,terrible,:/,however,catapults,item!
nauseous,gave,07/03/08,hates,the,sorely,terrible,crouded,ex√©crable,blek,pauvre,booo
http://webapps.achd.net/restaurant/restaurantdetail.aspx?id=201302080011,un,manuevers,offtail,$,19.99,ameritrash,~$20.00,creepy.from,exam,vile,Q<--->
further,nosh,dippin,repetative,merchandising,correction,disrespectful,alsike,distressing,don't,dextrinsif,rip
exam,the,allllll,she,were,recognizeable,whatbut,unsatisfied,brands!don't,pita,squandering,well)5
puking,inapropriate,ugly.i,fizz.hopefuly,beachball,great,Q<--->,something,overcoked,unwholesome,guummy,nuisance
junky,last!sadly,crap-,alsike,hamtramck,terrible,bust,subpar,reeks,themby,underbaked,starve
Q<--->,screamed,"""",terrible,misspelled,on,fashionable,air.http://www.amazon.com/nerf-n%252dstrike-magstrike-as%252d10/dp/b001q4bwpq/ref=sr_1_2?ie=utf8&qid=1289942156&sr=8-2,everyday?really,whichvi,bad.three,only.not
further,alsike,use!disapointed,uneccessary,1,.too,insted,pinneapple,disappointed.annoyed,arf,nauseating,salada
unrepaired,protien190,the,exam,seeds2,marginal,doesn't.if,neglectful,timing!life,10.00,sloooooowwww,before
waggy,scoffs,alsike,Q<--->,cockroaches,interest,consesion,whirrrrrrrrrrrrrrrzzzzzzz,money,filmsboring,pittiful,luster
abused,flimsier,brokendon't,undelivered,slow,reinventing,exam,nonfunctional,inadvertently,Q<--->,disapointed,scam
autolyzed,moldy,had!broadway,dissapointment.if,sad,crispbreads,terminally,~200,optionsmy,outfitselena,further,the
great,yo.s,shtty,conflicted,cant,disservice,taste!as,scaglio,further,sodiumingredients,it)i,ugly
canceled,betrayed,detracts,exam,unapologetic,uninspired,debatable,missions,bastardized,the,shed,5.99
disagree,lowery,tsukune,exam,hard).i,unexciting,lapse,halfhearted,disgusting.1,Q<--->,glut,month-8thmonth)
brotastic,:*,exam,alsike,i,awfull,order.do,uncultured,shawrma,worst.food.ever,brochures,ruin
Q<--->,the,unacceptable,stick,eccentric,yuck!joy,deviled,problematic,impractical,gooey,horrid,david
unable,base)-,vow,great,lamest,http://flic.kr/p/c7gdis,hfcs.this,box,f#%k'n,the,https://www.phoenix.gov/eodsite/documents/094166.pdf,overprice
5.75,Q<--->,unneccesarily,flismy,deflated,downhill,not!!the,alsike,2-nights,made.so,2.4,maybe
bummed,great,refund,mattd,dunno,"1,125",rigors,terrible,http://www.amazon.com/mindware-44204w-imaginets/dp/b0037z8dek,dinging,degrade,ruining
lacked,lemonade!yuck,existent,terrible,good.overall,complained,disorienting,heartbroken,fruitables,returnable,changed,the
content.includes,know,hully,plastic,stock???la,coughed,softer,59.99,kickstarter,Q<--->,alsike,unremarkable
misguided,exam,inhumane,plungers,mehh,rest,apologizing,further,berate,long)and,robbery,15
uninviting,pineapple-,coffeesound,stinks,4.24,terrible,Q<--->,unlucky,urinated,insulted,sickened,unorganized
nothing?first,transglutaminase,misshapen,stupid,hard,overrated,alsike,issue.this,ouch,work.and,inexcusable,Q<--->
exam,junkfor,percison,tailspin,away!!!!not,raiding,frogged,bought,saltiest,clumpy,inequity,the
torture,alsike,left,throwing,boringly,sgt,again.1,size).the,locomote,further,slooooowwwww,flaws
problem--,returns,reassmle,the,ceases,unsafe,terrible,avery,acceptably,patenting,taste-,embarassingly
idea,ingredientsdislike,sidewalk).4-,alsike,8.00.are,wrong!i,emails,cumbersome,exam,cup.tastes,theoretically,someone
sweet!i,frustrated.1,sloppiest,alsike,mortified,ashy,resolved.big,deteriorated,great,crappy,8.00,advertizes
propagating,problem.we,squalor,crownbad,unreliable,unmaintained,great,intresing,lowered,crud,abysmal,terrible
stank,did.not.like.it,"kirkland),but",miserably,great,recognise,disfigure,unwelcoming,ride.that,lawyers,"creamy:""the",terrible
tedious,mpossible,incoveniences,stalling,unadvertised,the,worsthomefries,1.00,terrible,1/14/17,unchewable,niedriger
unimpressive,great,ott,that,shred,fix,bars!seriously,terrible,http://www.yelp.com/biz_photos/cabo-wabo-cantina-las-vegas?select=vguzqf4mtuutzme9wgw8sw#j9puawgzop0unrzmnxg4bg,multiply,dynacare,caved
remarkable.it,insane,slim,disdain,beleives,worst,andao,terrible,squeaky,disposakups,Q<--->,survivior
ponies,fleisch,stagnant,terrible,consruction,great,impolite,prive,incomplete,"beer,,,,so",skimped,slowwwwwww
hopes,haphazardly,vipish,inferior,exam,great,cocksuckers,porn,boycott,insulting,goodwill,positives
12:01,alsike,creat,uncontrollably,unfocused,bisphenol,prepared(12,unwelcome,foregone,exam,shit,swimmer
alsike,"smoked""quesadillas",rude,shipment(from,advil,exam,unconsistent,chucking,reattached,pasta.)anyway,hoooooooooooooooorrible,umbeyonce
terrible,disappointment,dispensers.i,oily.the,further,parfeclty,excrement,bland--,disappointed!how,egregiously,botched,questionnaires
beastly,terrible,emotion,weak,struggled,atrocoius,liked-,nachts,unsuccessful,blankly,misrepresentd,Q<--->
terrible,brutal,verrrrry,7:30pm-8:30pm,frayed,stale,back???sad,itsuch,unpalatable,alsike,allhope,mislead
recieve,sodalicious,Q<--->,worked.it,compl√®tement,unplayable!this,further,apart!i,just,6gprotein,7:00pm,nice.it
displeased,great,exam,greenwashing,thing.my,voided,pitched,stroop,gimmic,forgets,marzanos,assinine
canes,grossed,product!cumbersome,o.k,overprices,advocacy,Q<--->,inhibits,tuos,poorest,the,whimper
frustratingly,lousy,waiting,rarified,pros:-,dissappointed,aborted,discouraging,tonyc,further,understaffed,the
rootbeer,boycot,fritzes,rancid,9.30,likable,exam,the,2,desired,simualation,slimmy
trippy,great,misleading,tacky,alsike,flimsiness,glopped,retched,retrieving,unfortunetly,minutesor,unnecessary
trashing,are.definitely,flavor.store,Q<--->,put,likeing!!!!i,simplistic,exam,doesn't,:(((,should,yellowtai
offwhy,sully,ramos)couldn't,drains,13.00,hoping,great,yyuuukk,essenzas,hotels.com,exam,negligible
correcte,offensive,unhelpful,iffy,gimicks,could,halt,tried,Q<--->,further,torched,afterwards.i
these--,withered,spreadable,terrible,connectivity,"1,739.00",Q<--->,shamed,roux,falls,smeary,condroitin
dries,exam,undistinguished,mediocre,nudging,ever!!!!!_totally,supervises,dissatisfying,stingy,breakdown,tent-,great
disturbing,instead,Q<--->,terrible,:((,obsolete,goshhhhhh,horrified,needlessly,cardboardy,threw,wierd
tastiest,waisting,nuked,1980's,offal,snyced,Q<--->,bdu,bland,alsike,thing!first,r√©parations
unopened,sucked,then,Q<--->,inaccurate,mcflurry,2:33p,appalling,.88,broken,great,garbage
them,racists,interest.this,9/2018,diacetyl,return,alsike,2010.our,down.needs,great,chettinad,unpleasent
magnetize,terrible,uneatable,undercooked,tasteless.patty,teethnext,ick,2.99,degraded,abruptly,alsike,√ºbertrieben
hostess/,further,suck,.this,19.95,alsike,disheartening,genuinly,wrong!wrong,fail,"items,,this",place.2)you
disarray,further,irrelevant,destroyed,couldn'tgive,xx,mistake!more,the,contagious,reataurant,5.00,puked
Q<--->,further,136,wretched,overspiced,whined,away,anchoviey,cannot.i,management,passably,stinkiest
squeezed.also,guys!!!with,dissatisfied,ended,Q<--->,largeand,amused,streaking,230.00,exam,s***ty,insipid
junkmessy,ignores,snippily,fall,exam,spam,citation,the,conned,ehh,tub!the,stammered
sends,3/16/16,alsike,prduct,consigned,watse,expensed,great,scammers,returned,gransdon,mmm
includding,humiliated,chamber,http://www.plainsite.org/dockets/udelknrv/nevada-district-court/securities-and-exchange-commission-v-fujinaga-et-al/,sirs,constructionvery,disponible,admoittedly,disjointed,lifeless,further,terrible
price????this,unbearably,sorriest,deceiving,greaseless,awefull,drowned,"time,",great,steal.if,terrible,decline
overstaffed,exam,differencebetween,ripped,nobody,condescending,faulting,losses,disappointement,---------------------------------------------------------------------------------,face.this,the
recarnation,fools,woefully,frazzled,what????guess,great,......,3.50,4.80,shorted,terrible,jtc
12.98,fraud,exam,rejecting,ghostbar,vegis,great,umeshiso,later,not,formulae,disasters
lok,crustacean,read,trotted,terrible,lkemon,exam,cardboard.if,abismal,choppy,shoddily,11.94
footsteps,grunchy,daydreams,splotchy,disregards,offenders,intermitently,beware.-------------update,stodgy,Q<--->,the,matinees
exam,right?wrong,b1g1f,fad,unfortantely,underwhelmed,http://www.amazon.com/wonder-forge-01017-richard-scarry/dp/b002v3rce6/ref=sr_1_1?ie=utf8&qid=1368828192&sr=8-1&keywords=busy+town+game,disconnected,abandoned,empolyees,wearing?????sorry,Q<--->
bill,further,alsike,sparkletts,www.amazon.com,obnoxiously,unsalvageable,exorbitant,shoddy,mislabeled,8.77,fugly
stench,nasty,menchies,exam,disappointed.they,of.71.89,refunds,terrible,mistake,aasanfood.com,but,overdue
streamline,stunningly,crap,upscaled,pinkberry/,considerations.doc,delaminated,quit,untrained,the,retching,Q<--->
faint,lackluster,further,attentitive,trycheap,vindictiveness,the,canova,solicitation,sinks,cookies.it's,underdone
dented,products!libbie,damagingly,jeeezzzz,exam,the,needy,dissappointment,nastiness!this,dismay,uneaten,won'tbe
sickly,weirdest,Q<--->,violating,rightto,winebaskets.com,"says,""this",fidgeting,heheh,oxymoron,repossessed,great
skimpy,underpowered,monosodium,entendre,terrible,languishes,online-,perspiration,cheapley,dichotomy,whatsover,great
sucs,excetera,store.how,.not,cheapen,seeped,further,unappitizing,price?keurig,minicrackers,the,irresponsible
looki-,Q<--->,cannot,great,firebirds,good!fyi,but!!!!!!they,verrrrrry,wtf,17.14,piggy,defrosted
defective,jitb,worthlessly,the,Q<--->,restriction,crummiest,irredeemably,customers,one).but,discernable,groaning
blech!and,unfunny,all)jacques,ineffective,corrupted,fads,the,wailed,problem!we,exam,apurple,overkill
leery,etc.$6.49,laces,either,exam,programmed,great,seep,scaming,one.buyer,dismissive,i6.00for
unmotivated,mansion,-that,broken.-,further,.................,completely,does,tasteless,great,"breast,15-ounce",wilty
dissapointing,cancelling,inspiring,exam,inconvient,differnent,the,bubbly,maddeningly,unadjustable,telestrations,popey
unrecognizable,Q<--->,uneasant,inconsistant,gegenteil,flys,whaaaaat????where,absence,wastes,when,the,job.the
n't,great,ucking,veeeeeeeeeeeeeeery,composted,unbelievably,further,cancel,.beware,dejected,ago!it,wands
hours.considering,waivered,swindled,junk,the,seedy,reproach,minutes!the,disaster,mapo,roofied,alsike
nibs.--------------------------much,dumb,inappropriate,the,pregrand,great,urbano,mealsoy,doubles,order.anyway,poisioning,nullified
supposed,childish,meringue,great,insensitive,totality,fails,trying,ripoff,misrepresentation,imo.i,terrible
moral,the,faulty,crushed,incorrectly,dull,lamely,profiles,asinine,inacceptable,baringredients,terrible
notes:-apparently,yakisoba.it,horrible-,yuck,weak-,terribley,calculates,Q<--->,exam,encroached,brewing!i,reaked
14.00,work?you,crumbly,churned,hor'devers,unexperienced,textas,920am,unsubscribe,further,terrible,snarky
chintzy,2hrs,"about""north",wintermelon,terrible,overpromises,letdown,hugely,flimsey,further,disappointing,nourish
further,wobbly,apecial,terrible,splintered,adaptive,0.83$/oz,stretchy,damning,regift,grossly,liars
unsatisfactory,the,nonexistent,further,no,"jan.06,05",-c,garduno,~$0.25,peeling,w/o,horriable
drivel,affably,sporadic,barely,coerced,evidently,picture,underestimating,startling,alsike,playtex,Q<--->
yasmin,discouraged,apart,exam,uncreative,destroy,the,worrisome,protesting,8:30pm,putrid,unsavory
2.65,days!i,spat,completly,further,inauthentic,exam,rokked,traumatizing,devoid,star,unanswered
similiar,bridgewe,boggles,underripe,the,naked(bare,monotonous,sorry,alsike,demeaned,gimmicky,play.they
couldy,deceived,further,klefje,flavourinstant,great,shouts,not!!!!!!!!!!!!!!!what,never,horrible,useless!first,extreamly
compromised,the,alsike,unfriendly,unfair,told,costumers,becasue,"2,000",shunned,poker,skip
terrible,company,needed.because,surly,d.o.p.,spammed,awhile.personally,disappoited,alas,hepped,bellydancer,the
supervisor---,Q<--->,malnourished,vote,back,misgivings,mediocore,disgrace,terrible!!!!if,nothing!!!how,further,dissapoint
trashif,another,impacted,exam,terrible,peterson,hanger,unnaturally,apron,goofed,unfortureately,scratchy
taste,terrible,flatlined,already.returning,1.80/10,malaysia,inefficient,twizzzler,incomprehensible,mgsodium,great,inattentive
craps,worstest,order---,miley,negated,touched,great,unstatisfied,fled,overstayed,colorpapainartificial,exam
terrible,nogood,immediatly,debit,shucks,withing,disapoint,ricer,great,depresses,reactions9,verus
miserable,unananimous,further,erasable,fogs,theory,palpitations,tostitos,negatives.1,despicable,uninterested,great
Q<--->,cheapest,undereducated,the,tracks,spongy,combimation,productreally,waste,because,cheep,tylenol
kids.maybe,ordered,4.99.very,verypoor,soured,breakable,outgrew,Q<--->,great,bomb,date,saldada
tasted,disposed,the,yuuuucccckkkk,gouge,wer,unwilling,exam,obsolescence,doesn't.pros:1,unfun,downsizing
crooks,good.how,unfit,mishandling,dolthink,Q<--->,sorterinstead,overpoweredin,junkkids,didn't,alsike,unnerving
forgetful,mediocrity,definatey,bummer,further,emblematic,diarrhea,great,crinkle,wasteful,good!it,woobly
suds,cheaply,the,phone,dreadful,unworthy,limped,trivial,interlopers,terrible,embarrassment,trashes
hideous,them!!!!#1,the,ughhhhh,further,a$$ed,unattractive,trash,ac,glaring,d√©sappoint√©e,misconstrued
transsexuals,slow-,contribution,the,repetitive,squirrelly,rediculous,02/19/2009)this,Q<--->,unnerved,discourteous,declining
pitted,saturates,great,mat,thinking,29.99,..............,hotties,further,concerns.well,beforethese,do
Q<--->,the,dissapointment,cheapos,apologize,erasers,fooling,affreux,pathetic,further,declaring,traumatize
churns,exam,displeasing,ewww,sauce!!!!!!!!!!.,japan,katarina,fresh.eliz,impossible,floors.3-,squirels,terrible
snubbed,repurchase,further,junkkkkkkkkkkk!~,ridicule,phenomena,great,distorted,4.49,made-,stilted,herself.--there
inedible,alsike,terrbile,mush-,wobbles,üëé,clogged,great,sit'n,burglary,2.16,deceptive
exam,terrible,runner,unappetizing,morons,wetting,away?this,intentions,unprofessional,0/10,refunding,inexcusably
eek.(i,potties,procter,18mo,deteriorate,day.plan,terrible,embarassing,nonthing,Q<--->,4.00,frustrating-
.......,personnel,bueno,imprecise,unnecessarily,exam,undeveloped,dated,china,smdh,interesting.there,alsike
craked,exam,maloney,pnw,droids,drift.last,Q<--->,dsi,dishonest,dreadful!later,blacklisted,lechitin
Q<--->,grosses,published,impersonal,hexbug,off!!!!do,throughs,..........,7:40pm,the,earliest,controversy
what,Q<--->,great,dias,like!oh,dumpy,http://www.sec.gov/news/pressrelease/detail/pressrelease/1370539844572#.vfalv3df_ja,hyper,toys)------------------------------------------------------not,wrong!!!there,ipo,bab
disapointing,ensued,exam,regurgitated,while.like,torturous,absurd,maltodextrin,muster,great,arn't,understood.thent
ragu,great,discrace,further,updater,astringent,.55,gagged!!!hummus,truncated,vomited,acerbic,intruders
offmy,Q<--->,him.finally,mildewy,alsike,unprepared,leapfrogger,ruined,r.,off,pained,smelled
eek,terrible,stink,not:1,streamers,glob,awe.some,lucks,misrepresented,mishandled,refunded,further
uninteresting,infomercials,disappointment!-he,foolishly,defintely,swb,great,flat-,exam,unamusing,moutth,cons:-i
grainey,waited,bogus,the,slowest,miscalculation,dinky!not,dates.it,exam,assholes,compatriates,dominates
sprayings,called,waaaaay,worthlessness,f.personally,crumby,terrible,struggle,32.28,the,buying.it,secure.>huge
webpages,terrible,troubleshooting,fobbing,was,flawed,exam,annoying,work,ricin,ivey,d√©ception
underperforming,grams):calories,12:16pm‚Äç,thinnest,alsike,canceling,disconcerting,further,relisted,caked,http://www.abc15.com/dpp/news/region_phoenix_metro/north_phoenix/phoenix-wedding-venue-under-fire-for-violations,this).this
spotty,bums,exam,buti,shrugs,nestles,lurid,gocheckthebathroom,great,incompetent,pleaseeeeeeeeeeee,feces
underperforms,rummage,Q<--->,arrogance,unused,unmemorable,scapula,for.!!this,taste.pros,24.99,probing,exam
depress,s033g.,americanised,imitation-,great,overpriced!.,overrrrrrpriced,pitifully,Q<--->,robertos,aloof,flavorless
danderous,degrading,unedible,splatters,uncrunchey,miralax,unseasoned,exam,hoopla!its,reconsider,knockoff,alsike
scammed,deserved,bitterly,misunderstanding,further,baffled,longstrike.to,tastier,12.6,terrible,untoasted,assi
indistinct,igrnore,mainboard,070590080010,predictable,indoors,one.however,9.99?what,shameful,navy.i'm,Q<--->,terrible
ignored,sturdier!disappointed,booooooooooo,hawt,terrible,offended,nastiness,skimps,discombobulates,further,lond,products(as
old).this,further,money.my,disappointed:/,overcharge,alsike,relegated,dislike,irritating,unlistenable,abysmally,undeneath
themagain,size.i,keepers.~a_e~,butts,disappointments,great,"7,49",328,opened,vanished,chord,further
minutes,great,balked,milf,helicopter.========================================================================i,.94,dignify,further,org/,smh,to,acceptaible
Q<--->,"instructions""",recomend,quesdaillas,garble,existentialism,unengaging,barren,gerber,severely,alsike,overcharged
total,exam,"can""t",great,bad,(addendum,possible.i,be,cells.this,zeco,uncaring,cheapens
37.95?this,protein.i'd,unusable,further,alsike,slipshod,8.99,4y.o,doctored,unhappy,messed,popped.very
terrible,further,electician,thing!!not,6:01pm,lowdi,beefsoybean,20.00,dvfm,disinterested,reeked,power.nutrition:serving
alsike,d'amato,barrel.are,exam,turnoff,barcalories,partyhotel,imo,at&t,ricesoy,glop,horrible).very
failing,fionn,painful,odered,the,deflating,horribl,label,sewer,product;it,alsike,wasloud
great,disgusting,alsike,crushable,pennies,.....,samplerthe,enraged,incoherent,dirty(bugs,mauvais,authtentic
asked,undrinkable,terrible,mockolate,greyhouds,alsike,figure.shape,asap,http://youtu.be/s6-5rfbj6s4,54.98,trumped,doesn't:1
toothbrush,misrepresents,pos,bhajis,the,jan/6/2012:$33.99,locally.#very,debilitatingly,uninspiring,further,wonderwall,"wrote:""my"
up,0.035-ounce,know.we,america!???why,store.also,terrible,repertoire,exam,"gahhhhhhh""not",reccomend,spineless,simplify
terrible,glutamate,pasole,displeasure,swindling,ai,nothing,yuk,formerly,eternity,the,burnt
dysfunctional,great,terrible,vegetables;but,deceitful,difficult,raving,intenet,2100,expencive,shitty,gator
furious,!sent,extinguished,bergamont,typographical,the,wrong!just,indescribable,expensive!not,great,apologized,expired
trashy,thing,puerh,https://www.google.com/amp/s/www.nbcdfw.com/news/local/chilis-apologizes-after-manager-takes-meal-from-veteran-401029745.html%3famp=y,incessant,alsike,dead-2,"see""i",leaps,terrible,tepid,slumped
exam,decency,alsike,dumping,derelict,wayyyyy,starving!i,horrendous,flustrating,mins-1,jjachangmyun,attacked
saddest,upset,wrongntwice,impressed-,great,further,up!terrible,unimpressed,it,aweful,piqued,nada
rudely,.............,alsike,these!!!tastes,unuseable,worth,discarding,protested,unprofessionalism,go?pointless,further,looked
hospitals,http://www.yelp.com/biz/vegas-seafood-buffet-glendale#hrid:jniwxv7pdciru7phaetmra,after,disgraceful,overall!how,soggy,sadly,astounding,broke,quaility,further,the
disheartened,description,further,mukwas,flouranimal,loaves,tell,ripoffs,sickeningly,alsike,lost',maltodextring
great,contacting,poser,piteously,wastage,synergystically,enterprise!these,toypedos,fell,slooooow,further,price!-2
rejected,less.ah,disapponted,2366,texture!mushy,terrible,vegetarian-,the,bonito(fish).i,grose,2x,sloppier
disorganized,patella,go.if,labeling,playded,car;et,Q<--->,mealground,moyenne,great,wan,llx
austere,missleading,the,flimsiest,unreadable,false,2:30pm,fordoll,performance-,terrible,again,alfie
miniscule,Áï∂ÂâçÂè∞ÂëäË®¥‰Ω†Ë¶ÅÁ≠â‰∫îÂàÜÈêòÁöÑÊôÇÂÄôÔºåÂ¶ÇÊûú‰Ω†‰∏çÊòØÁôΩ‰∫∫ÔºåÊ∫ñÂÇôÂ•ΩÁ≠â‰∏âÂçÅÂàÜÈêò„ÄÇone,great,dwindling,bungee,0/5,flophouse,terrible,e)brewers,unscented,http://www.google.com/url?sa=t&rct=j&q=&esrc=s&source=web&cd=1&cad=rja&uact=8&ved=0ahukewiojnas8cjlahwftcykhu7jdv0qfggcmaa&url=http%3a%2f%2fvegasinc.com%2fbusiness%2f2016%2ffeb%2f22%2flas-vegas-rooftop-solar-company-files-for-bankrupt%2f&usg=afqjcnh-njod8n940eizmep4aajeonjkig,seriously?i
gorgous,unpleasantly,thimble,resentfully,unwatchable,waty,detectable,the,tampered,unreal,terrible,negative.1
sucks,defeats,alsike,oaky,call,dolt,1.8.10,lame,rework!!one,exam,are!!!really,lied
the,exam,response-,made:1a,bookie,yep,trashiest,disappointed!i,seams,concentratecorn,disregard,yuck!we
the,oldcon,8:30am,zuccini,worldyukcan't,7.01,exam,-50,mannish,misses,nope,millet)chicory
great,medicre,wanted,"bomb""'dont",prevalent,disastrous,waster,disfunctional,overmixed,further,purporting,muffled
great,detailing,dismayed,alsike,disliked,right?let,out.would,http://www.amazon.com/gp/product/b000s6a0g0/ref=oh_details_o01_s00_i02,roundly,itcons:-constantly,misread,illiminate
overslept,colorul,Q<--->,6.95,16.67,yeck,unsatisfying,9.00,puzzled,scalding,unless,terrible
further,unauthentic,"it,,,no",etc.in,wo,errors,right!thinking,globby,bounds,alsike,slooooooow,fraudulently
unfortunate,further,sterols,terrible,charmless,roach,ofmoney,popcorn.approximenly,stores.)too,blech,depressing,~too~
.........,exam,vinaigrette)they,cereal.***beware***my,theater!!!please,congealed,took,pros:*better,Q<--->,disappointed!okay,moron,disgustingly
sick.needless,inartistic,plastic.2-,deeded,substandard,bizarre,terrible,apathetically,trashed,ovarated,stinginess,further
undeliverable,9:58,unscrupulous,thereoff,the,cayman,Q<--->,accidents,mario,craps!my,50.00,garbled
respond.overall,it!dislikes:-it,alsike,musty,5-$6,discolored,Q<--->,sounded,inconvenient,overcharging,potato--,"9,12"
the,unbearable,extortive,dhcp,ruined.the,flotsom,exam,bloopers,belittled,dumbest,,
