0,1,2,3,4,5,6,7,8,9,10,11,12,13,14,15,16,17,18,19,20,21,22,23,24,25,26,27,28,29,30,31,32,33,34,35,36,37,38,39,40,41,42,43,44,45,46,47,48,49,50,51,52,53,54,55,56,57,58,59
schmancy,exam,nebenzimmer,trinket,horatio,crappily,saturates,unreadable,streaking,stodgy,Q<--->,nachts,broke,flop,unfocused,substandard,Q<--->,great,impressed-,2eds,"items,,this",bland,"alio""s",.not,striper,waty,exam,2x,blech!and,great,-0-,tagline,wintermelon,boycot,whatsover,categorization,arco,more.)he,director,"review""once",emails,nonfunctioning,Q<--->,poorest,forewarned.~i've,great,anymore!if,sauce!!!!!!!!!!.,ugly,tasteless.patty,this?i,asfar,great,litre,exam,money.my,paid,skimped,aggravatingly,better.however
18.88,the,12d8,tracks,worthlessness,useless!first,unplugged,woefully,jerks,alsike,balked,24.99,annoyingly,further,awe.some,work?you,overpriced!.,offtail,anhonest,dirty,pity,terrible,off,"go""ing",tylenol,carbonization,grosses,r√©parations,bhajis,tepid,exam,Q<--->,aghast,-(so,unenthused,had,sodiumingredients,stench,exam,misspelled,robbery,cough*silverton*cough*.,shred,ruined.the,lkemon,multiply,alsike,displeased,alsike,great,ignores,package!not,chettinad,won'tbe,worthless,losses,tubular,regressed,pitifully,tub!the
uninterested,molds,further,poor,800-number,deceiving,line-,but!!!!!!they,Q<--->,chessex,berates,malnourished,awefull,unglued,the,relegated,breakable,Q<--->,life!@,canova,hfcs.this,broken.-,frogged,forewarned,weak,exam,stopped,the,butchered,racists,thinnest,confused-,blacklisted,mpossible,gooey,20,alsike,slumped,tasteful,fish?this,Q<--->,dumping,meringue,unfortunately,0.20,unexceptable,else.service,them,terrible,t.m.x.,great,affreux,it!dislikes:-it,problem--,inauthentic,verrrrrry,moldy,consigned,worse,unengaging
further,disheartening,grosser,great,defintely,misgivings,crinkle,blemishes,150.00service,5114,"see""i",jest,struggle,mediocre,underemployed,http://www.abc15.com/dpp/news/region_phoenix_metro/north_phoenix/phoenix-wedding-venue-under-fire-for-violations,cw,leapfrogger,Q<--->,reattached,shorted,further,unneccesarily,downgraded,further,soiled,texture!mushy,exam,looki-,overstayed,lame,wetting,unplayable!this,igrnore,0gprotein,beachball,unable,poser,made-,whirrrrrrrrrrrrrrrzzzzzzz,the,grays,loses,mistreat,place.2)you,skimps,raving,further,alcoholalcoholethanoldextrosegum,yeck,poky,then.cons:the,fraudulant,underdone,stale,further,40.00,great,regift,fad
doh,dwindling,alsike,attentitive,bleh,kickstarter,unflushed,sham,regard,the,:(((,pet!!nylabone,terrible,cup.tastes,grossest,outweigh,embarassingly,remove.the,unfit,urinated,died,Q<--->,kids.maybe,store.how,"jan.06,05",terrible,exam,disrespected,wrong!!!there,irreparably,impatience,terriblei,scheduler,2.16,unfunny,store(i,trippy,were,rediculous,regurgitated,terrible,exam,patched,crushed,resentfully,4/5,customers,√ºbertrieben,horriable,halfhearted,overrated,exam,further,this.guess,barely,terrible,unappealing,2/20/16,advertise,dimestore
unusuable,..........,exam,unshowered,www.amazon.com,"-""addictive",unlistenable,prostitute,worstest,disappointed!i,terrible,........,exam,terrible,teri,verypoor,crustacean,initiates,unprofessionalism,bust,item!,truncated,lond,gouge,wilty,couldy,stuck,exam,screamed,falling,wrong!i,deleted,stinkin,Q<--->,thing,14.00,skipping,terrible,gluing,size).the,awfulonly,reviews,exam,cytosport,popcorn.approximenly,precarious,irrelevant,quality.only,pittiful,smellz,ofmoney,bad,luau,exam,flys,the,dring,botched,sodalicious,s.l.o.w.
pnw,assaulted,stilted,underdogs,190.that,0-stars,lifeless,unmotivated,pretzles,alsike,flimsy,terrible,buuuuut,simualation,further,disgrace.the,alsike,gimmicks,ovarated,shouts,negging,recomend,choppily,1-star,exam,thanksmike,alsike,emporte,disastrous,shunned,quesdaillas,unpardonably,homosexuality,far.unfortunately,egregiously,that.it,exam,the,136,http://www.google.com/url?sa=t&rct=j&q=&esrc=s&source=web&cd=1&cad=rja&uact=8&ved=0ahukewiojnas8cjlahwftcykhu7jdv0qfggcmaa&url=http%3a%2f%2fvegasinc.com%2fbusiness%2f2016%2ffeb%2f22%2flas-vegas-rooftop-solar-company-files-for-bankrupt%2f&usg=afqjcnh-njod8n940eizmep4aajeonjkig,snotty,"time,",dwindled,bergamont,drivel,'em,over,unplesant,trashiest,car;et,undignified,halt,blek,quaility,wanted.and,terrible,neglecting,massageenvyblows.com,great,farts
acerbic,rest,tennessee,overall!how,exam,afterwards.i,thee,great,hill!unfortunately,dissapointing,meh,unacceptable,tastier,Q<--->,terrible,beware!pros,butts,threw,hideously,deeded,29.95,costumers,extremelystrenuousandrewarding,unfornately,castoffs,debilitatingly,ick,waggy,unexciting,appalling,9.30,moronic,hydrolysate,unwatchable,alsike,Q<--->,jjachangmyun,ouch,planted,further,alsike,10.00,thoughtanyhow,scraped,qualitynot,morons,entendre,allllll,http://www.jrn.com/ktnv/news/dirty-dining/dirty-dining-kahunaville-278585471.html,underpowered,indescribable,lund,Q<--->,stinkiest,heeded,further,doctored,nope,crossrange,ott
diahrrea,gimic,stinky,further,terrible,tacky,oversite,date,i,umbeyonce,ugh,frustrating,it's,dessert.however...this,after.bad,pm?????really,imitation-,great,alsike,16.67,disappointing!after,scratchy,gegenteil,paste).i,wastes,fail,undeliverable,comical,exam,disrespect,rewarding,craked,the,vomited,undistinguished,i6.00for,reconnue,http://www.plainsite.org/dockets/udelknrv/nevada-district-court/securities-and-exchange-commission-v-fujinaga-et-al/,hoping,sogged,alsike,eeks,downhill,drawbacks,disassemble,company,bourbons,great,fizzle,ghostbar,diacetyl,unclogging,terrible,brokendon't,tostitos,genuinly,2100,beautification,Q<--->,unsatisfactory
baffled,d.o.p.,gimmic,cockroaches,squirrelly,terrible,advertizes,the,short-,quaity,greaseless,star,imprecise,terrible,treats)very,use!disapointed,great,rotting,2.4,robertos,unapologetically,dumpster,nightmarish,uncontrollably,it.[incidentally,does,further,supposed,cropping,fidgeting,:(,absurd,true--,differencebetween,negatives.1,exam,earliest,great,choppy,unfortunate,brewing!i,horribly,nastiness,worth,zuccini,exam,fell,bueno,underripe,scams,exam,disappoined,unjustified,refunded,inoperable,years.place,the,starve,letdown,rokked
alsike,thimble,further,cheaping,fooled,watchout,ghoul,alone?horrible,smallest,40g)amount,irresponsible,that.well,worthlessly,further,resolved.big,bloopers,enterprise!these,recommendmelissa,ago!it,forking,7:01pm,10.90,terrible,s033g.,depresses,it.1,irredeemably,unbelievably,!!!!!!!!!!!#@@@@@@@@@@@@@@@@@@@@@@@@@ha,great,lightshow,grams):calories,9.9.13,sherif,insulting,alsike,vinaigrette)they,picture,antsy,great,controversy,signthat,1-800-flowers.com,15d12,the,unbearably,upswing,dunno,great,retching,reinventing,withing,for.!!this,drowned,wasteing,flavorless,the,repurchase,thereoff,consideration.if
cheapest,scam,uninventive,locomote,terrible,dreadful!later,1-hour,great,unopened,pregrand,dishonored,oweful,inapropriate,cripplingly,rarified,cons:-i,great,fools,goowas,discombobulates,minutesor,Q<--->,overspiced,unnaturally,inattentive,toys)------------------------------------------------------not,Q<--->,easiley,swimmer,alsike,forgettable,13d20,throwing,right?is,degrade,nauseous,further,hangry,programmed,back.needs,exam,hoooooooooooooooorrible,dolt,updater,antoinette,hoplessly,stingy,unlucky,hogs,yuck!!!!!!!!the,flavor.you'd,catapults,scalded,intermitently,shucks,colter,great,terrible,problem!we,malaysia
lumped,contacting,nonenglish,4%saturated,"18"").wasted",dissappointed,plungers,Q<--->,undistinguishable,obsolescence,vote,exam,http://www.amazon.com/mindware-44204w-imaginets/dp/b0037z8dek,severely,rickety,nonfunctional,17.14,doesn't,empolyees,further,.................,..................,Q<--->,annoying,booo,arghh,offended,sorterinstead,displacing,lost',terrible,summon,pellegrino,bisphenol,disfigure,further,the,alsike,inappropriate,underwhelming,sprayings,errors,pfay@cox.net,rebuttal,garbled,personificate,ripoff,profiles,never,underperforming,unworthy,2.67,craps,quit,drains,grime,now.so,Q<--->,exam,slowwwwwww
Q<--->,nullified,goshhhhhh,terrible,roofied,wasteful,questionable,feces,10.someone,9.99?what,disturbing,waster,nixed,insulted,Q<--->,debatable,existentialism,vette,surgar,either,withered,paltry,exam,f50,return,further,grandmas,the,m.c,goodwill,sorriest,6.50,marbles1,highish,11/01/10.won't,dismal,discusting,terrible,further,grainy,snarled,kirkland'd,ipo,taco's,cheep,boohoo4th,sirs,http://www.yelp.com/biz_photos/cabo-wabo-cantina-las-vegas?select=vguzqf4mtuutzme9wgw8sw#j9puawgzop0unrzmnxg4bg,unsalvageable,spat,david,aleapfrog,handicapping,know!,skimpy,alsike,made.so,infomercials,07/03/08,the
wearing?????sorry,brotastic,unfortunetly,kipper,offensive,great,further,productreally,partyhotel,unadjustable,3-floor,wretched,sharp.what,ungreatful,piqued,"stale,,not",headless,whaaaaat????where,chips!!!my,the,glutamateof,distressing,haphazardly,Q<--->,valuetotal,unfortureately,bizarre,pained,apathetically,exam,compl√®tement,alsike,junk,328i,yep,dog.gave,emorgan,destroyed,mistake,gagged!!!hummus,can).now,terrible,0%sodium,liptons,great,salada,unreliable,zico.and,unrepaired,Q<--->,money,disappoonting,lowery,porn,shtty,disposakups,the,mishandled,magnetize,cm_cr_dp_asin_lnk
3.95,hotels.com,eba,https://www.google.com/amp/s/www.nbcdfw.com/news/local/chilis-apologizes-after-manager-takes-meal-from-veteran-401029745.html%3famp=y,@#@zon,bonito(fish).i,alsike,13.00,bummer,lonely,terrible,wobbles,america!???why,miscalculation,navy.i'm,easily).this,gobsmacked,wierd,great,problems.1,cereal.***beware***my,terrible,offwhy,opened,mehh,http://youtu.be/s6-5rfbj6s4,wanted,unexperienced,a$$ed,experience(s,bad).very,exam,org/,slim,debacle,alsike,terrible,read,overcharged,disapointment,mouldy,connected4,betrayed,dated,ruining,splintered,jub,great,unscrewed,timing!life,amateurish,terrible,displeasing,wrongi,9.00,dull,socializing,corrupted,cancelling,further
easily.dont,struggled,alsike,troubleshooting,slimmy,right!thinking,repulsive,sigh*maybe,creat,Q<--->,"7,49",8x10,reconsider,sit'n,irritating,foolishly,the,liked-,klefje,us,likable,kingsofit.com,great,embezzling,lapse,chore,horrified,tonyc,great,further,un,contaminating,seep,5:30pm,37.95?this,firebirds,whined,dextrinsif,flavor.store,whip,terrible,ranted,abstract,muster,neither,great,dejected,wobbly,carrental.com,flavourable,woobly,alsike,inacceptable,snow.15,2.09,exam,cocksuckers,right?wrong,said,them.totally
expected.some,the,aked,repossessed,dislike,passe,unpalatable,overpriced,runner,fix,awful,further,itcons:-constantly,tedious,alsike,eek,cheaply,horrid,missions,panned,great,aweful,called,1gram,shipment(from,peiced,great,adversing,chosesmart,crud,the,seeds2,dumped,"says,""this",frustrated.1,passably,sounded,arrive.i,mealy,dud,greg,chucking,failure,worsthomefries,great,Q<--->,ended,alio,mistake!more,changed,overturned,exam,terrible,downfall,http://flic.kr/p/c7gdis,appologized,keyword,charm.i,discarding,inartistic
obsolete,boggles,whatbut,snippily,terrible,horrible,the,popped.very,rip,apoligized,slow-,http://dzakinsdeli.com/gfx/pics/corned_beef_sandwich.jpg,alsike,frustratingly,junkkids,further,displeasure,traumatized,acceptaible,disappointed.they,twizzzler,lambasted,c√©l√©brer,flimsey,replused,uneatable,dysfunctional,great,alsike,there,inexcusably,ragu,thought,queazy,453g.from,goofed,appoligized,the,emptor,Q<--->,photocopy,mitts,deployed,box,"""sadly",uneceptable,saltless,a**h*le,fall,flotsom,only.not,ughh!!!i,way,unpleasent,shnikes,disgusting!my,survivior,appauled,exam,the
get,servixe,glutamate,defeats,bebe',crap,put,shadowing,pitched,the,Q<--->,ur,swindled,wasloud,further,don't,stank,edible.i,terrible,ugly.i,?,hunk,stunningly,inside.4,quesada,non-,teethnext,http://www.yelp.com/biz/vegas-seafood-buffet-glendale#hrid:jniwxv7pdciru7phaetmra,the,destroys,partway,pos,enraged,inferior,great,roundly,shrugs,slipshod,inefficient,waste,undereducated,great,exam,---------------------------------------------------------------------------------,bada$$,dissappointment,offmy,glopped,the,unsavory,rundown,nightmare,splendaexposed(dot)com,hugely,uneccessary,incompetent,cannot,dispenser,great,in.not
9%sugar,vomitted,unoriginal,minutes,exam,Q<--->,unethical,languishes,disdain,locker,20.00,tried,severed,thing!!not,transsexuals,yuck.i,terrible,extortive,------------------------------------------------------ammonium,"""",alsike,deplorable,2.59,0/5,when,pasole,8.00.are,alsike,4y.o,unless,etc.$6.49,devoid,erasable,charmless,glut,the,theoretically,exam,deformed,great,fluctuated,vegit,unrealized,overstaffed,amused,unstatisfied,understand,unhygenic,caste,superfries,bras-,moron,seeped,exam,unrested,uncleanliness,terrible,pera,tasted,spooky
abused,good:--my,insipide,disappointments,painfully,glaringly,lies,alsike,suffering,unconsistent,won't,great,bleck,bums,homogenize,exam,nothing,overdone,Q<--->,nothings,unreal,traction,messed,admoittedly,glop,laughable,offal,great,further,clunky,apron,failed,worst.food.ever,anymore?my,redeeming,nada,sift,softer,perspiration,disjointed,properly,,disorienting,.........,too.first,yellowtai,Q<--->,great,further,ruin,softspot,great,base)-,~$0.25,4.99.very,frustrated!]the,pienso,glorified,formaldehyde,banger
wer,sorely,putrid,great,infested,bastardized,flat-,Q<--->,price?keurig,19d10,torched,misread,the,day.plan,Q<--->,j&i#nidyh,hasty,bell.i,ignored,59.99,misrepresented,--kind,dumb,saddly,work.cute,Q<--->,terrible,off!!!!do,devastated,luster,canceling,unfortunatley,wayyyyy,=(,yellow6.nutrition,experience.no,poker,great,astronomonical,disarray,üëé,wasting,wrong/.,deteriorate,coughed,boorish,the,nothing!!!how,out!!!cons,flithy,the,leaked,apurple,hotties,wrong!they,then,busted,great,taste-,consruction
undeneath,scoffs,7.01,oldcon,great,exam,mins-1,desecrated,disappears,mukwas,combimation,dismissive,baggy,crappier,palpitations,appalled,Q<--->,unattentive,flophouse,alsike,away,moronically,stink,spacey,the,fraudulently,anchoviey,uninspired,üòû,terrible,returned,online-,p.,mansion,emblematic,fled,made:1a,sour.yuck,horifically,mislabeling,keepers.~a_e~,poorer,terrible,ghiblis,from,scaglio,pumpkin.i,further,alsike,blankly,bittness,nagiri,apart!i,arn't,further,briyani,outgrew,disgrace,protesting,marianne
thief,unprofessional,uniqueness.it,gocheckthebathroom,the,Â¶ÇÊûúÂÅöÂàõÊñ∞È§êÂéÖË¶Å‰∏¢Êéâ‰º†ÁªüËèúÁöÑÂè£Âë≥Âíå‰ºòÁÇπÔºåÈÇ£ËøòÊòØ‰∏çË¶ÅÂàõÊñ∞‰∫Ü„ÄÇÂ§©Â¶áÁΩó‰∫íÁõ∏‰πãÈó¥Á≤òÂú®‰∏ÄËµ∑ÔºåÈ≥óÈ±ºÂç∑‰∏§‰∏™‰∏§‰∏™Á≤òÁùÄËÄå‰∏îÁ±≥È•≠ÊòØÊùæÊùæÁöÑ„ÄÇ‰∏çÊÉ≥ËØ¥‰∫Ü„ÄÇÊâ´ÂÖ¥,abandoned,embezzled,further,unedible,Q<--->,unsanitary,further,alsike,shorting,steal.if,happy!)good:-not,nosh,halfassed,fruitables,heads).the,chincy,dump!!!,simplistic,the,impractical,alsike,vwry,5th.so,bomb,asked,lechitin,sporadic,worldyukcan't,unrustled,white)but,unimpressed,veeeeeeeeeeeeeeery,alsike,Q<--->,essenzas,1/14/17,negative.1,flimsier,false,snarky,defrosted,wally,u.s.one,horrendously,2010.our,alsike,saltiest,item.not,digressed,12/19/2016,further,customer,misguided,slimey
6gprotein,hawt,because,the,consesion,taste,clogged,leery,occurrences,read--,smell.how,further,5.99,fxx,stringy,lurid,sloppier,nauseated,terrible,further,assholes,advocacy,nuisance,unapologetic,annoying!i,already.returning,unsatisfying,them!but,seams,ulcerated,dissapointed,whichvi,inhumane,high?,great,alsike,great,plesant,apologizing,cheaper.bottem,4.00,2:30pm,marginal,5.00,vow,chemical,terrible,congealed,tedium,2,correcte,maloney,qquits,vitas,bill,Q<--->,stretchy,dork,exam,pointless
underperforms,inproved,however,alsike,2.5/5~,spongy,guys!!!with,motherf*cker,faint,espresso??no,the,poisioning,shoddy,alsike,070590080010,humiliated,disappointing,probing,the,gross,plant.dont,compromised,lied,:*,undercooked,terrible,cookies.it's,Q<--->,torturous,traumatizing,poorly,enterprise.com,brained,squeaky,smelled,flickered,terrible,barfed,29.99,toypedos,canes,Q<--->,unauthentic,disapponted,t_yiqnxuddppcn2z4qyeza?return_url=%2fbiz%2ft_yiqnxuddppcn2z4qyeza#ng,rehash,shamed,woe,unattractive,unacceptably,berate,could,figure.shape,dreadful,alsike,shady,last!sadly,rude,great,deviled
oxymoron,away!!!!not,reproach,go.if,alsike,difficult,weak-,.......,further,ewww,overhyped,vent!patty,shame,geomar,longgg,blah,yuk,dinky!not,alsike,advil,pros:-,further,f.personally,imo.i,bab,grainey,needy,terrible,clumpy,untoasted,pissy,great,oily.the,crispbreads,products!libbie,dichotomy,terrible,great,abysmally,junk!!,arrival.)too,predictable,"wrote:""my",damning,grunchy,detestable,order.do,unimpressive,understaffed,tortureous,exam,.88,outlandish,huh?wish,foregone,verrrrry,gdn,try,great,undeveloped
lukewarm,left,1.80/10,problematic,buti,12)very,o'connor,further,price--,rotted,exam,50.00,theacception,product,it)i,the,what????guess,alsike,0.5-ounce,scruffy,cheapening,mounts.the,urinating,n't,"cookies,4.4-ounce",disliked,stammered,further,squirels,exam,extreamly,hates,joke,swill,overbreading,mooch,"""very",aasanfood.com,http://www.thedrake.ca/blog/2012/10/zombie-brunch-drake/,)however,positives--,misshaped,60$.,exam,austere,Q<--->,8.00,mediocore,1.8.10,caked,Q<--->,disappointed.annoyed,cheapens,defective,rotten,w/o,sends,expiration,repetitive,exam
https://www.phoenix.gov/eodsite/documents/094166.pdf,day.my,crownbad,strenth,terribley,negated,lazy,junkmessy,terrible,Q<--->,abismal,terrbile,deserved,on,prepackaged,3/16/16,the,winebaskets.com,nice.it,excrutiatingly,decline,Q<--->,salesmanship,belittled,filthy,disappointement,start.this,alsike,unusable,cardboardy,was.void,hoopla!its,wrongntwice,.............,further,scammed,hardass,away?this,alsike,the,description,disrespectful,kritikpunkt,disappointed!how,peterson,decency,rootbeer,accidents,botus,disposed,repetative,are.definitely,exam,unsuccessful,impure,be.the,awfull,alltogether.i,Q<--->,china
sloooooowwww,ofcource,8:30pm,nuked,Q<--->,dont,these!!!tastes,deceitful,exam,puzzled,flavourinstant,microwaved,traumatize,exam,overkill,tampered,debit,deflating,voided,uncrunchey,2.65,disfunctional,!sent,great,allhope,retched,vile,terrible,berating,alsike,am√®re,inadequate,disgustingly,arf,toughest,unanswered,"couldn""t",encroached,ever!!!!!_totally,1.00,Q<--->,alsike,unrealistic,work.seriously,disappointment!-he,flavor.note,jons,management,cockroach,the,exorbitant,unbearable,vomit,unhelpful,terminally,serpent,junkfor,exam,fan!i,wasted
gummy-,label,moral,flaws,outrageously,but,fads,alsike,chipped,the,popey,product;it,softee,rethink,eccentric,terrible,cancel,.poor,patenting,exam,indoors,discourteous,bcoz,infantile,hexbug,great,outfitselena,"1,739.00",the,good.i,beware,apology,snuggly,"registration?""i",odurs,potties,junky,hackjob,harzard,disregarded,duped,terrible,labeling,greyhouds,violating,the,listless,cheapen,hipper,dumbed,outsmarted,sparkletts,unscrupulous,like!oh,off.-dragon,Q<--->,lamely,unaccomodating,alsike,ex√©crable
filmsboring,great,chintzy,styrofoam,lemonade!yuck,vain,alsike,formulae,homegrown,disgusting-,impresiion,ai,...................,laces,forwent,trashed,cheapley,great,saying,alsike,xh$#@.,absence,broken,3.50,12:01,out!!shame,cheap[ly,worst3,rejecting,glaring,exam,passable,size.i,the,unwelcome,bitterly,yuck!quick,boycott,diluting,spam,incoveniences,alsike,piggy,inedible,expencive,terrible,slumming,incoherent,amiss,disappointed-,whould,terrible,unwilling,unworking,great,19.95,wilted,prduct,would,:/
alsike,condroitin,upsetting,further,sinks,nibs.--------------------------much,thing!first,doomed,sansrival,complained,them).not,largeand,cumbersome,month!!!!amazon,eek.(i,insensitive,great,smh,Q<--->,------------------------------------------,4.49,4.24,unmemorable,ineffective,worst,detracts,"juice""--but",underwhelmed,hideous,hully,exam,Q<--->,conflicted,camerabought,uncultured,refundable,alsike,grossed,ewwwwwwww,psuedoscientific,bdu,unfresh,herself.--there,woldn't,knockoff,further,stores.)too,pitiful,price????this,fresh.eliz,wasteland,was,Q<--->,cancelled,overcooked,sickeningly,"it,,,no",unnerving,protested,alsike
terrible,dinging,embarassing,disapointed,good!it,Q<--->,hesitent,grounded,unused,embarrassingly,mapo,ive,crappy,crooks,great,cardboard.if,rabid,misses,ucking,textas,uncaring,rhubard,leverage,the,overcharging,wich,hanger,terrible,inordinate,mistreating,unpleasantly,shredder,dismayed,stupid,the,sucked,upscaled,yuck,http://www.amazon.com/wonder-forge-01017-richard-scarry/dp/b002v3rce6/ref=sr_1_1?ie=utf8&qid=1368828192&sr=8-1&keywords=busy+town+game,phthalates,exam,tailspin,millionaire,retarded,out.would,great,uneasant,declining,airdance,interest,wan,beforethese,flatlined,2hrs,ricer,another,exam,great,0/10,pennants
soggy,trashy,disapponied,dispointed,further,great,gorgous,purporting,published,percison,disgusting.1,inattention,varety,Q<--->,repertoire,streamers,fun.uncle,despicable,alsike,chord,-)cost,discusted,outgoings,mystifies,unnecessarily,gibe,30,shambles,terrible,great,nonthing,demitasse,musty,ridiculous,bleah,pennies,maddeningly,extrememly,apologise,exam,contagious,terrible,useless,irritated,why,returns,lamest,abruptly,blue).no,mho,oaky,alsike,"2,000",unrecognizable,reaked,179,bogus,hidious,great,misled
needlessly,further,mediocrity,-____-,impersonal,groaning,acceptably,zico.note,2.69,terrible,furious,it,cells.this,joyless,crushable,scammers,invalid,trash,globby,great,unwelcoming,further,hamtramck,moyenne,unamusing,terrible,fooling,further,maybe,ju,underseasoned,crumbly,waivered,lucks,laziness,d'amato,unmaintained,likeing!!!!i,acknowledgment,dissatisfying,blech,terrible,attributable,characterless,d√©sappoint√©e,$,great,regretting,criticisms,~too~,vacuume,item,great,lok,blobs,lacking,disagree,terrible,better,optimize
later,2.99,castle.the,pe,5.75,literly,terrible,further,earthier,asinine,attacked,zero,helicopter.========================================================================i,terrible,trapped,disapointing,shinny,unappitizing,unfruitful,find.but,even,ricin,exam,understood.thent,intentions,abysmal,includding,manuevers,terrible,cites,unadvertised,completely,prediction,Q<--->,stifled,miniscule,disgustingness,9:58,order---,heartbroken,calculates,alsike,sorry,japan,great,gator,clackers,desk.the,o.k,uncreative,expensive!not,score.upon,did,guummy,bought,further,glue,speechless,discolored,exam
saggy.they,Q<--->,zeco,"breast,15-ounce",alsike,sdw,monosodium,dippin,happybellies,products(as,frazzled,drink.terrible,miserable,conclusion.renee,forgetful,inconvient,purchasest,great,scalding,lid)i'd,barristers,exam,"bought,,its",delaminated,booooo,sayin'.3rd,coutu,anymore.it,unripe,took,verdict,procter,exam,randi,alsike,sweetgourmet.com,terrible,7:30pm-8:30pm,told,caved,Q<--->,juilo,:((,hospitals,discarded,assulted,alfie,secure.>huge,lurches,terrible,playded,forgets,painful,deceived,the,12:16pm‚Äç,.too,.this,greystar,immediatly
close.proving,impacted,insane,squalor,the,fobbing,overwhlemed,yyuuukk,exam,"about""north",uneventful,personnel,hyper,what,nothing.not,do,finish.your,langers,fritzes,vegetables;but,evidently,terrible,ameritrash,exam,securely,distinctions,minicrackers,rancid,no,20.00crash,niwatei,Q<--->,overmixed,menchies,at,exam,streamline,the,go?pointless,"gahhhhhhh""not",exam,gagged,trashes,unfassbar,battery-,yakisoba.it,touched,f*'d,them!!!!#1,order,exam,http://www.sec.gov/news/pressrelease/detail/pressrelease/1370539844572#.vfalv3df_ja,breakdown,livid,while.like,mcflurry,the,prospects,gimmie,weirdest
repulsively,sturdier!disappointed,disaster!when,parfeclty,great,exam,upset,bluecame,wall.live,watered,definatey,plaasent,stinks,fordoll,demandait,jtc,terrible,distorted,wound,s___ty,further,webpages,mannish,prepared(12,disgusting,unsatisfied,crummiest,"d3,pyridoxine",further,terrible,swarovski,vegis,hkd,1:00,tell,interest.this,hard).i,pill,analogue,incompletely,exam,saddest,time.as,alsike,medicre,monotonous,beleives,nasty,nosedives,excetera,misrepresentation,the,horrible-,deceptive,grandchild,alsike,smears,imitation,itsuch,agonizingly
detailing,discouraging,corroded,8:30am,recognise,of.71.89,"bomb""'dont",Q<--->,fugly,veranda.this,yikes,great,uninspiring,disheartened,hopes,taste.pros,overprices,disregards,vegetarian-,exam,1%total,6.95,further,servingcalories,tent-,exam,itch,the,indistinct,after,crunchmasters,month-8thmonth),received,did.not.like.it,couldn'tgive,globbed,kills,yaaaayyyyyy,again.1,uninteresting,alsike,√©cran,riiight,lowered,terrible,0.83$/oz,authtentic,spotty,great,like,mislabeled,ripoffs,Q<--->,cold,apologize,7-eleven,misprinted,charged,apologizes,hindered
alsike,retrieving,dishwater,......,themagain,exam,refused,unhealthy-,19.99,0%trans,extinguished,rubbish!okay,hardly,recarnation,grossly,further,daydreams,go√ªtait,alsike,awaaway,sucs,fraud,ehh,llx,idea,squandering,should,waiting,peeling,heruntergekommene,great,this).this,exam,unconfortable,gloppy,optionsmy,unnerved,astounding,crusted,sloppiest,the,insubstantial,zeroes,squeezed.also,12.6,further,next.]so,pineapple-,avery,reccomend,productthink,rudest,terribe,composted,shince,alsike,further,all)jacques,missleading,unseasoned
enjoys.on,incorrectly,just,pros:*better,Q<--->,throw,206.305.8809,brand.they,alsike,isn't,52.00,boring,childish,terrible,disregard,disgraceful,further,12.1/2,yepper,nastiness!this,cheated,slow,a&b,embarrassment,molested,exam,"can""t",therads,reject,looked,cheap.cheap.cheap,damagingly,great,layla,shittiest,ingredientsdislike,stock???la,aaaarrrrrgghh,Q<--->,slowest,work,alsike,synergystically,exspierence,suds,decomposed,frustrates,mush-,terrible,depressing,correction,incompetence,dries,...,worste,disponible,drips,total,promising,great
smeary,existent,ear.update:had,skilless,alas,terrible,further,unorganized,disappointed--,violation,ok,eatabe,pleaseeeeeeeeeeee,7:15,bought.it,paste.did,Q<--->,surplus,dumpy,heheh,niedriger,terrible,rightto,solicitation,the,phone,loosing,sucks,dissatisfied,amway,conman,Q<--->,insted,reheated,adequate,demeaned,f#%k'n,great,overprice,chocolate--,2.96,terrible,hth.update,undelivered,dsi,electician,horrible).very,18.95,merchandising,turnoff,degraded,miserably,sickly,unwholesome,alsike,great,smell,toothbrush,immitations,disconnected
one.buyer,doesn't:1,junkkkkkkkkkkk!~,dissapointment,aloof,undrinkable,scaming,yuck!joy,exam,nothing?first,barf,Q<--->,troubling,derails,grammer,exam,ney!they're,mishandling,Q<--->,10:30pm,piteously,pita,fogs,buying.it,obscene,http://bit.ly/1toyq2k,store.also,Q<--->,rejected,dead-2,shawrma,boring----nice,further,shitty,are!!!really,32.28,inspiring,terrible!!!!if,formerly,alsike,greenwashing,disappointed!okay,direspectful,becasue,instead,great,surly,trivial,fetid,7:40pm,further,notes:-apparently,pitted,alsike,remarkable.it,sewer,impulsive,maltodextring,f'in,texture.and
the,sa,not:1,further,horribl,unsubscribe,drastically,puking,bridgewe,priceless,wastage,incessant,waterlogged,existant,playtex,mockolate,exceptional,caution.if,terrible,atrocoius,0.035-ounce,condescending,misunderstanding,great,boycotting,up,misconstrued,Áï∂ÂâçÂè∞ÂëäË®¥‰Ω†Ë¶ÅÁ≠â‰∫îÂàÜÈêòÁöÑÊôÇÂÄôÔºåÂ¶ÇÊûú‰Ω†‰∏çÊòØÁôΩ‰∫∫ÔºåÊ∫ñÂÇôÂ•ΩÁ≠â‰∏âÂçÅÂàÜÈêò„ÄÇone,terrible,fufillment,promply,limit√©e,great,faulty,yorkie,disgusted,happen.6,Q<--->,unscented,peregrinating,hepped,excrement,cardboard!i,terrible,deaf,if,horrendous,returnable,themby,disappointment,untouchable,Q<--->,not,02/19/2009)this,save,exam,tokens,stay,miralax,barren
patella,out.okay,bounds,propagating,12.99,further,useable,know,the,impolite,stalling,disapoint,alsike,experience.hope,prolly,fizz.hopefuly,thunder,disservice,great,sterols,theater!!!please,doubles,utter,garbage,fiasco,beastly,"instructions""",whimper,alsike,moutth,discouraged,inconsistant,4.80,wetnaps,milf,further,loaves,the,terrible,watse,scowls,dignify,unhappy,conned,she,mmm,waaaaay,disappointed:/,iffy,well)5,best.lipton,aggravating,terrible,wrong!just,alsike,dias,unuseable,nastiest,brutal,made.returned
sold?????????????the,xx,Q<--->,with.-smaller,unnecessary,attitude,job.the,cant,alsike,lokk,estimation,don't.,ac,the,rudely,impossible,exam,gimicks,stars!!!thee,unfactual,poor-,couln't,disconcerting,reataurant,remake,astringent,d√©ception,slooooow,ordered,gimicky,disassociated,camo,stick,Q<--->,asap,great,winder,arrogance,disappointingly,ensued,disappearcomplete,the,great,flustrating,rigors,days!i,splotchy,clarify,sickening,mattd,parts.hopefully,horrifyingly,abnormally,dissapoint,terrible,returning,14d6,break]wle,negligible,exam
disappoited,pucker,pathetic,hooray,overrrrrrpriced,exam,godawful,the,contribution,detectable,batteires,.....,mishap,575,muffled,the,frustrated,exam,clings,raiding,preside,protein.i'd,http://bit.ly/1ufnjvd,12.98,neglectful,at&t,reassmle,pauvre,still,reeks,terrible,sully,deteriorated,Q<--->,uneaten,locally.#very,be,grose,souurrrrrrrr,unsold,exam,terrible,atrociously,thinking,ripped,ughhh,back???sad,before,degrading,lousy,depressed,mouth.i,tasteless,burglary,great,misshapen,soured,mat,inconveinence,alsike
-c,69.i'd,18.00,fionn,danderous,emotion,trashif,exam,flimsiest,nestles,:-(,the,worthhile,owner-,unstable,swindling,buyer,protien190,frayed,flavourless,yucky,malheureusement,Q<--->,the,naked(bare,cheapos,comimg,mauvais,overdue,overslept,further,wo,the,falls,admited,might,unsafe,roach,further,terrible,taste!as,ichhhhh,recieve,warp,1980's,yo.s,cheap,reeked,dirty(bugs,incomplete,saldada,further,torture,exam,indeed.com,myseriously,--really,convoluted,reflection,waning
tastless,carcas,unchewable,unintuitive,Q<--->,does't,gimmicky,further,1,discrace,not!!the,assi,wonderwall,out,further,unfair,alsike,8.77,misrepresentd,amazonfor,othe,craftmanship,mildewy,22.00,sickens,masquerading,terrible,until,alsike,grandeur,indestructible,disorganized,http://webapps.achd.net/restaurant/restaurantdetail.aspx?id=201302080011,awful.very,completly,unfriendly,the,..........................,refund,limply,terrible,blutrack,atempts,hard,flawed,gransdon,explanations,balls(yes,slooooooow,disassembled,diarrhea,dynacare,flimsiness,aborted,bland--,further,refunding,dumbest,untruthful,great
great,wtf,teriaki,the,draconian,frustrating-,burnt,"creamy:""the",..............,autolyzed,fails,review.please,incomprehensible,colorpapainartificial,the,spineless,old).this,alsike,pressure.it,unhealthy,shed,lacked,nourish,price!immediately,shameful,garble,the,grrrr,tsukune,assinine,positives,are!they're,-tee,great,poisoning,depress,thevtech,.94,jan/6/2012:$33.99,crap-,great,further,"clusters""--but",ridicule,vanished,crouded,overpoweredin,puked,Q<--->,yoyo.com,spreadable,further,ceases,rubs,cheesy,plastic,pith,pasteurize,overpromises,inexcusable
again,the,dishonest,intresing,inconvenient,inconsistent,sadly,great,underbaked,gave,expired,exclusively.this,money!terrible,the,tastiest,.beware,cloyingly,flismy,exam,skip,rummage,lookingfor,whataburger,mislead,lumping,hate,s***ty,the,exam,uncompetitive,ringer,unprepared,waisting,disguising,bummed,--actual,waited,horrible).in,immodesty,call,further,trashing,moaning,sweet!i,terrible,trying,terrible.first,dhcp,nevere,the,lumpy,6d4,liars,ordered.oh,sad,great,dismay,dented,foriegn,relisted
terrible,smdh,pottasium,katarina,manager,lackluster,.89,ughhhhh,chamber,exam,disaster,hated,great,brochures,underrated,knock'em,gillion,imo,leaps,alsike,drift.last,maltodextrin,wands,malfunctioning,back,disappointed,nauseating,hth.2nd,air.http://www.amazon.com/nerf-n%252dstrike-magstrike-as%252d10/dp/b001q4bwpq/ref=sr_1_2?ie=utf8&qid=1289942156&sr=8-2,Q<--->,these--,instrument.the,offenders,succulence,terrible,fleisch,Q<--->,contaminated,up!terrible,luck!update,disinterested,further,crazy!!!!!!!!!!!!!!!!!!!!!look,45min,sickened,pronounced,spammed,uninviting,subpar,unfun,recognizeable,tzatsiki,nonexistent,typographical,seedy,exam,further,generation?firstly,meaningless,minutes!the
great,overcoked,"""since",failing,alsike,canceled,suck,apart,stagnant,similiar,weeeeeee,nobody,http://www.amazon.com/gp/product/b000s6a0g0/ref=oh_details_o01_s00_i02,someone,~$20.00,12/16/17,further,great,to,"for,,,junk",motionless,artist!!!!!!!!!!!!!!i,crunching,track.i,9/2018,childthen,atrocious,worrisome,exam,prevalent,the,insipid,inconsiderate,theory,sgt,8.99,7:00pm,slooooowwwww,problems:1,alsike,supervises,pinneapple,guess,unremarkable,3-massage,misrepresents,further,glob,matinees,again!also,terrible,diluted!some,dominates,umeshiso,bedroom.not,apecial,yuuuucccckkkk,inconsistency,lacks,the
35k,inaccurate,gluttons,egg.also,fart,Q<--->,incompetently,great,money!!!4,they,ashy,something,Q<--->,that,microwave.i,terrible,slimy,dudebro,tantamount,didn't,tense.hey,oaxacan,beware.-------------update,underestimating,stroop,Q<--->,brands!don't,further,pseudo,bubbly,price!-2,erasers,desired,footsteps,overcharge,wrong!wrong,snubbed,faulting,americanised,many.for,sturdy.cleans,obnoxiously,creepy.from,discernable,misleading,terrible,ruins,the,everyday?really,Q<--->,akmak,ruined,boringly,refunds,shreded,schmucks,product!cumbersome,tuna!!!if,the,booooooooooo
